{"stats":{"minecraft:crafted":{"minecraft:cooked_beef":18,"minecraft:crafting_table":1,"minecraft:spruce_planks":12,"minecraft:wooden_pickaxe":1,"regions_unexplored:larch_planks":168,"minecraft:stone_axe":1,"minecraft:glass":1,"minecraft:stick":8,"minecraft:stone_pickaxe":1,"minecraft:chest":1,"minecraft:stone_sword":2},"minecraft:broken":{"minecraft:stone_sword":1},"minecraft:mined":{"regions_unexplored:golden_larch_leaves":5,"minecraft:white_bed":1,"minecraft:brown_mushroom":2,"minecraft:kelp_plant":10,"travelersbackpack:standard":1,"regions_unexplored:larch_planks":1,"regions_unexplored:cattail":12,"regions_unexplored:peat_grass_block":3,"minecraft:chest":1,"minecraft:tall_grass":24,"minecraft:kelp":12,"minecraft:large_fern":5,"minecraft:seagrass":3,"minecraft:stripped_spruce_log":3,"treechop:chopped_log":1,"minecraft:grass":78,"minecraft:coal_ore":2,"regions_unexplored:peat_dirt":1,"minecraft:gravel":6,"minecraft:sand":80,"minecraft:cobweb":1,"regions_unexplored:medium_grass":17,"minecraft:stone":33,"minecraft:oak_leaves":9},"minecraft:dropped":{"minecraft:kelp":81,"minecraft:brown_mushroom":1,"minecraft:stone_sword":1,"minecraft:crafting_table":1,"minecraft:apple":1,"regions_unexplored:larch_sapling":9,"travelersbackpack:standard":7,"regions_unexplored:cattail":24,"minecraft:ink_sac":6,"minecraft:oak_sapling":2,"minecraft:spruce_wood":2,"minecraft:wooden_pickaxe":1,"minecraft:armor_stand":2},"minecraft:custom":{"minecraft:interact_with_furnace":8,"minecraft:mob_kills":44,"minecraft:interact_with_crafting_table":13,"minecraft:open_barrel":17,"minecraft:bell_ring":9,"minecraft:leave_game":7,"minecraft:time_since_death":14988,"minecraft:sleep_in_bed":9,"minecraft:climb_one_cm":989,"minecraft:time_since_rest":15149,"minecraft:sprint_one_cm":242949,"minecraft:damage_taken":5594,"minecraft:walk_one_cm":460153,"minecraft:drop":30,"minecraft:damage_dealt":6723,"minecraft:swim_one_cm":78119,"minecraft:talked_to_villager":1,"minecraft:fly_one_cm":78835,"minecraft:open_chest":36,"minecraft:play_time":191560,"minecraft:crouch_one_cm":140,"minecraft:sneak_time":366,"minecraft:deaths":17,"minecraft:walk_under_water_one_cm":61919,"minecraft:boat_one_cm":93349,"minecraft:jump":1327,"minecraft:interact_with_blast_furnace":4,"minecraft:walk_on_water_one_cm":76908,"minecraft:total_world_time":191560,"minecraft:fall_one_cm":22269},"minecraft:used":{"minecraft:cooked_mutton":3,"minecraft:stone_sword":285,"minecraft:stone_pickaxe":8,"minecraft:stone_shovel":86,"minecraft:chest":2,"minecraft:wooden_pickaxe":38,"minecraft:brown_mushroom":1,"mcdar:golem_kit":5,"minecraft:rotten_flesh":3,"minecraft:salmon":5,"minecraft:mutton":4,"travelersbackpack:iron":1,"minecraft:apple":11,"minecraft:beef":7,"regions_unexplored:larch_planks":3,"minecraft:cooked_cod":3},"minecraft:killed":{"minecraft:pig":5,"minecraft:witch":1,"minecraft:salmon":10,"minecraft:rabbit":1,"minecraft:spider":1,"minecraft:vindicator":1,"minecraft:squid":3,"minecraft:sheep":3,"minecraft:pillager":1,"minecraft:zombie":1,"minecraft:drowned":7,"minecraft:cow":4,"bloomingnature:pelican":6},"minecraft:picked_up":{"regions_unexplored:peat_dirt":6,"minecraft:iron_chestplate":1,"minecraft:feather":8,"minecraft:water_bucket":1,"regions_unexplored:larch_planks":1,"minecraft:salmon":7,"minecraft:golden_leggings":2,"minecraft:leather":6,"minecraft:brown_mushroom":2,"minecraft:flint":1,"minecraft:string":2,"minecraft:armor_stand":3,"minecraft:cooked_mutton":11,"minecraft:bone":2,"minecraft:apple":1,"minecraft:kelp":81,"minecraft:wheat_seeds":15,"minecraft:rabbit_hide":2,"minecraft:spruce_wood":3,"minecraft:beef":7,"regions_unexplored:larch_sapling":9,"regions_unexplored:larch_log":42,"mcdar:golem_kit":1,"minecraft:glass_bottle":1,"minecraft:rabbit":1,"minecraft:iron_boots":1,"minecraft:book":29,"minecraft:stick":1,"minecraft:pumpkin":6,"minecraft:gravel":8,"minecraft:porkchop":9,"minecraft:sand":77,"minecraft:stone_button":1,"minecraft:stripped_spruce_log":3,"minecraft:ink_sac":9,"minecraft:white_bed":1,"travelersbackpack:iron":1,"galosphere:silver_nugget":2,"minecraft:mossy_cobblestone":1,"regions_unexplored:cattail":24,"minecraft:howl_pottery_sherd":1,"minecraft:tnt":1,"travelersbackpack:standard":8,"minecraft:stone_sword":2,"minecraft:arrow":1,"mythic_charms:experience_nugget":22,"minecraft:stone_shovel":1,"minecraft:rotten_flesh":14,"minecraft:cooked_cod":3,"minecraft:oak_sapling":2,"minecraft:mutton":4,"minecraft:coal":3,"minecraft:white_wool":2,"minecraft:cobblestone":36},"minecraft:killed_by":{"minecraft:player":1,"minecraft:skeleton":11,"minecraft:spider":1,"minecraft:witch":2,"minecraft:zombie":1}},"DataVersion":3465}