{"stats":{"minecraft:broken":{"minecraft:stone_sword":1},"minecraft:killed":{"minecraft:pig":5,"minecraft:salmon":10,"minecraft:vindicator":1,"minecraft:rabbit":1,"minecraft:spider":1,"minecraft:squid":3,"minecraft:sheep":3,"minecraft:pillager":1,"minecraft:zombie":1,"minecraft:drowned":7,"minecraft:cow":4,"bloomingnature:pelican":6},"minecraft:killed_by":{"minecraft:player":1,"minecraft:skeleton":11,"minecraft:spider":1,"minecraft:witch":2,"minecraft:zombie":1},"minecraft:custom":{"minecraft:interact_with_furnace":3,"minecraft:mob_kills":43,"minecraft:interact_with_crafting_table":8,"minecraft:open_barrel":17,"minecraft:bell_ring":9,"minecraft:leave_game":6,"minecraft:time_since_death":0,"minecraft:sleep_in_bed":9,"minecraft:climb_one_cm":391,"minecraft:time_since_rest":21,"minecraft:sprint_one_cm":240819,"minecraft:damage_taken":5228,"minecraft:walk_one_cm":427494,"minecraft:drop":23,"minecraft:damage_dealt":6295,"minecraft:swim_one_cm":78119,"minecraft:talked_to_villager":1,"minecraft:fly_one_cm":78470,"minecraft:open_chest":25,"minecraft:play_time":176432,"minecraft:crouch_one_cm":140,"minecraft:sneak_time":366,"minecraft:deaths":17,"minecraft:walk_under_water_one_cm":61919,"minecraft:boat_one_cm":93349,"minecraft:jump":1304,"minecraft:interact_with_blast_furnace":4,"minecraft:walk_on_water_one_cm":76908,"minecraft:total_world_time":176432,"minecraft:fall_one_cm":22269},"minecraft:dropped":{"minecraft:kelp":59,"minecraft:stone_sword":1,"minecraft:crafting_table":1,"minecraft:apple":1,"regions_unexplored:larch_sapling":9,"travelersbackpack:standard":6,"regions_unexplored:cattail":13,"minecraft:oak_sapling":1,"minecraft:spruce_wood":2,"minecraft:wooden_pickaxe":1,"minecraft:armor_stand":2},"minecraft:used":{"minecraft:cooked_mutton":1,"minecraft:stone_sword":267,"minecraft:stone_pickaxe":8,"minecraft:stone_shovel":86,"minecraft:chest":1,"minecraft:wooden_pickaxe":38,"minecraft:brown_mushroom":1,"mcdar:golem_kit":4,"minecraft:rotten_flesh":3,"minecraft:salmon":5,"minecraft:mutton":3,"minecraft:apple":11,"minecraft:beef":7,"minecraft:cooked_cod":3},"minecraft:picked_up":{"regions_unexplored:peat_dirt":6,"minecraft:iron_chestplate":1,"minecraft:feather":8,"minecraft:salmon":7,"minecraft:golden_leggings":2,"minecraft:leather":6,"minecraft:brown_mushroom":2,"minecraft:flint":1,"minecraft:string":1,"minecraft:armor_stand":3,"minecraft:cooked_mutton":1,"minecraft:bone":2,"minecraft:apple":1,"minecraft:kelp":81,"minecraft:wheat_seeds":15,"minecraft:rabbit_hide":2,"minecraft:spruce_wood":3,"minecraft:beef":7,"regions_unexplored:larch_sapling":9,"regions_unexplored:larch_log":42,"mcdar:golem_kit":1,"minecraft:rabbit":1,"minecraft:stick":1,"minecraft:gravel":8,"minecraft:porkchop":9,"minecraft:sand":77,"minecraft:stone_button":1,"minecraft:stripped_spruce_log":3,"minecraft:ink_sac":9,"minecraft:white_bed":1,"minecraft:mossy_cobblestone":1,"regions_unexplored:cattail":24,"minecraft:howl_pottery_sherd":1,"minecraft:tnt":1,"travelersbackpack:standard":7,"minecraft:stone_sword":2,"minecraft:arrow":1,"mythic_charms:experience_nugget":21,"minecraft:rotten_flesh":14,"minecraft:stone_shovel":1,"minecraft:cooked_cod":3,"minecraft:oak_sapling":2,"minecraft:mutton":4,"minecraft:coal":3,"minecraft:white_wool":2,"minecraft:cobblestone":33},"minecraft:mined":{"regions_unexplored:golden_larch_leaves":5,"minecraft:white_bed":1,"minecraft:brown_mushroom":2,"minecraft:kelp_plant":10,"regions_unexplored:cattail":12,"regions_unexplored:peat_grass_block":3,"minecraft:tall_grass":24,"minecraft:kelp":12,"minecraft:large_fern":5,"minecraft:seagrass":3,"minecraft:stripped_spruce_log":3,"treechop:chopped_log":1,"minecraft:grass":78,"minecraft:coal_ore":2,"regions_unexplored:peat_dirt":1,"minecraft:gravel":6,"minecraft:sand":80,"regions_unexplored:medium_grass":17,"minecraft:stone":33,"minecraft:oak_leaves":9},"minecraft:crafted":{"minecraft:crafting_table":1,"minecraft:spruce_planks":12,"minecraft:wooden_pickaxe":1,"regions_unexplored:larch_planks":168,"minecraft:stone_axe":1,"minecraft:glass":1,"minecraft:stick":8,"minecraft:stone_pickaxe":1,"minecraft:chest":1,"minecraft:stone_sword":2}},"DataVersion":3465}