{"stats":{"minecraft:used":{"minecraft:cooked_mutton":1,"minecraft:stone_sword":247,"minecraft:stone_pickaxe":8,"minecraft:stone_shovel":86,"minecraft:chest":1,"minecraft:wooden_pickaxe":38,"minecraft:brown_mushroom":1,"mcdar:golem_kit":3,"minecraft:rotten_flesh":3,"minecraft:salmon":5,"minecraft:mutton":1,"minecraft:apple":11,"minecraft:beef":7,"minecraft:cooked_cod":3},"minecraft:dropped":{"minecraft:kelp":15,"minecraft:crafting_table":1,"minecraft:apple":1,"regions_unexplored:larch_sapling":9,"travelersbackpack:standard":6,"regions_unexplored:cattail":13,"minecraft:spruce_wood":2,"minecraft:wooden_pickaxe":1,"minecraft:armor_stand":2},"minecraft:killed_by":{"minecraft:player":1,"minecraft:skeleton":11,"minecraft:spider":1,"minecraft:witch":1,"minecraft:zombie":1},"minecraft:killed":{"minecraft:pig":5,"minecraft:salmon":10,"minecraft:rabbit":1,"minecraft:spider":1,"minecraft:squid":3,"minecraft:sheep":3,"minecraft:zombie":1,"minecraft:drowned":7,"minecraft:cow":4,"bloomingnature:pelican":6},"minecraft:crafted":{"minecraft:crafting_table":1,"minecraft:spruce_planks":12,"minecraft:wooden_pickaxe":1,"regions_unexplored:larch_planks":168,"minecraft:stone_axe":1,"minecraft:glass":1,"minecraft:stick":8,"minecraft:stone_pickaxe":1,"minecraft:chest":1,"minecraft:stone_sword":2},"minecraft:picked_up":{"regions_unexplored:peat_dirt":6,"minecraft:iron_chestplate":1,"minecraft:feather":8,"minecraft:salmon":7,"minecraft:golden_leggings":2,"minecraft:leather":6,"minecraft:brown_mushroom":2,"minecraft:flint":1,"minecraft:armor_stand":3,"minecraft:cooked_mutton":1,"minecraft:bone":2,"minecraft:apple":1,"minecraft:kelp":35,"minecraft:wheat_seeds":15,"minecraft:rabbit_hide":2,"minecraft:spruce_wood":3,"minecraft:beef":7,"regions_unexplored:larch_log":42,"mcdar:golem_kit":1,"regions_unexplored:larch_sapling":9,"minecraft:rabbit":1,"minecraft:stick":1,"minecraft:gravel":8,"minecraft:porkchop":9,"minecraft:sand":77,"minecraft:stripped_spruce_log":3,"minecraft:stone_button":1,"minecraft:ink_sac":9,"minecraft:white_bed":1,"minecraft:mossy_cobblestone":1,"minecraft:howl_pottery_sherd":1,"regions_unexplored:cattail":24,"minecraft:tnt":1,"travelersbackpack:standard":7,"minecraft:stone_sword":1,"minecraft:arrow":1,"mythic_charms:experience_nugget":19,"minecraft:rotten_flesh":14,"minecraft:stone_shovel":1,"minecraft:cooked_cod":3,"minecraft:oak_sapling":1,"minecraft:mutton":4,"minecraft:coal":3,"minecraft:white_wool":2,"minecraft:cobblestone":33},"minecraft:broken":{"minecraft:stone_sword":1},"minecraft:custom":{"minecraft:interact_with_furnace":3,"minecraft:mob_kills":41,"minecraft:interact_with_crafting_table":8,"minecraft:open_barrel":17,"minecraft:bell_ring":9,"minecraft:leave_game":6,"minecraft:time_since_death":0,"minecraft:sleep_in_bed":9,"minecraft:time_since_rest":20,"minecraft:sprint_one_cm":229159,"minecraft:damage_taken":4914,"minecraft:walk_one_cm":411390,"minecraft:drop":18,"minecraft:damage_dealt":5841,"minecraft:swim_one_cm":76325,"minecraft:talked_to_villager":1,"minecraft:fly_one_cm":76837,"minecraft:open_chest":23,"minecraft:crouch_one_cm":140,"minecraft:play_time":169746,"minecraft:deaths":16,"minecraft:sneak_time":366,"minecraft:walk_under_water_one_cm":60825,"minecraft:boat_one_cm":93349,"minecraft:jump":1245,"minecraft:interact_with_blast_furnace":4,"minecraft:walk_on_water_one_cm":75798,"minecraft:total_world_time":169746,"minecraft:fall_one_cm":22269},"minecraft:mined":{"regions_unexplored:golden_larch_leaves":2,"minecraft:brown_mushroom":2,"minecraft:white_bed":1,"minecraft:kelp_plant":9,"regions_unexplored:cattail":12,"regions_unexplored:peat_grass_block":3,"minecraft:tall_grass":24,"minecraft:kelp":12,"minecraft:large_fern":5,"minecraft:seagrass":3,"minecraft:stripped_spruce_log":3,"treechop:chopped_log":1,"minecraft:grass":78,"minecraft:coal_ore":2,"regions_unexplored:peat_dirt":1,"minecraft:gravel":6,"minecraft:sand":80,"regions_unexplored:medium_grass":16,"minecraft:stone":33,"minecraft:oak_leaves":9}},"DataVersion":3465}