{"stats":{"minecraft:mined":{"regions_unexplored:golden_larch_leaves":5,"minecraft:white_bed":1,"regions_unexplored:larch_planks":1,"regions_unexplored:cattail":12,"travelersbackpack:iron":1,"minecraft:kelp":12,"minecraft:large_fern":5,"minecraft:stripped_spruce_log":3,"treechop:chopped_log":1,"regions_unexplored:medium_grass":19,"regions_unexplored:orange_maple_leaf_pile":3,"minecraft:stone":37,"bloomingnature:quicksand":1,"minecraft:brown_mushroom":2,"minecraft:kelp_plant":10,"travelersbackpack:standard":1,"regions_unexplored:peat_grass_block":3,"minecraft:chest":1,"minecraft:tall_grass":35,"minecraft:bricks":1,"minecraft:wall_torch":2,"minecraft:seagrass":3,"minecraft:grass":96,"minecraft:coal_ore":2,"bloomingnature:beach_grass":1,"regions_unexplored:peat_dirt":1,"minecraft:gravel":6,"minecraft:sand":83,"minecraft:cobweb":1,"minecraft:stone_bricks":3,"minecraft:oak_leaves":9},"minecraft:custom":{"minecraft:mob_kills":53,"minecraft:interact_with_crafting_table":15,"minecraft:open_barrel":18,"minecraft:bell_ring":9,"minecraft:leave_game":8,"minecraft:time_since_death":102,"minecraft:climb_one_cm":2834,"minecraft:sprint_one_cm":312289,"minecraft:walk_one_cm":555867,"minecraft:drop":43,"minecraft:talked_to_villager":1,"minecraft:play_time":234603,"minecraft:deaths":23,"minecraft:sneak_time":366,"minecraft:walk_under_water_one_cm":66054,"minecraft:boat_one_cm":212699,"minecraft:jump":1896,"minecraft:interact_with_blast_furnace":4,"minecraft:walk_on_water_one_cm":87458,"minecraft:total_world_time":234603,"minecraft:interact_with_furnace":8,"minecraft:sleep_in_bed":10,"minecraft:time_since_rest":192,"minecraft:damage_taken":7803,"minecraft:damage_dealt":7901,"minecraft:swim_one_cm":89125,"minecraft:fly_one_cm":123363,"minecraft:open_chest":41,"minecraft:crouch_one_cm":140,"minecraft:fall_one_cm":32539},"minecraft:broken":{"minecraft:stone_sword":1},"minecraft:dropped":{"minecraft:brown_mushroom":1,"minecraft:wheat_seeds":16,"minecraft:cooked_beef":1,"regions_unexplored:larch_planks":62,"minecraft:crafting_table":1,"minecraft:cobblestone":2,"minecraft:book":5,"minecraft:apple":1,"bloomingnature:beach_grass":1,"travelersbackpack:standard":7,"minecraft:coal":6,"minecraft:ink_sac":6,"minecraft:sand":3,"minecraft:string":4,"minecraft:armor_stand":2,"minecraft:kelp":81,"minecraft:stone_sword":1,"regions_unexplored:larch_sapling":9,"regions_unexplored:cattail":24,"minecraft:skeleton_skull":1,"minecraft:oak_sapling":2,"minecraft:spruce_wood":2,"minecraft:stone_bricks":3,"minecraft:stripped_crimson_hyphae":1,"minecraft:wooden_pickaxe":1},"minecraft:picked_up":{"minecraft:iron_chestplate":2,"minecraft:chicken":1,"regions_unexplored:larch_planks":1,"minecraft:brown_mushroom":2,"bloomingnature:beach_grass":1,"minecraft:string":6,"minecraft:armor_stand":3,"minecraft:beef":7,"regions_unexplored:larch_log":42,"mcdar:golem_kit":1,"minecraft:iron_boots":2,"minecraft:stripped_crimson_hyphae":2,"minecraft:stick":1,"minecraft:torch":1,"minecraft:porkchop":13,"minecraft:stone_button":1,"travelersbackpack:iron":3,"minecraft:howl_pottery_sherd":1,"minecraft:tnt":1,"minecraft:rotten_flesh":14,"mythic_charms:experience_nugget":30,"minecraft:stone_sword":2,"minecraft:arrow":3,"minecraft:stone_shovel":1,"minecraft:cooked_cod":3,"minecraft:mutton":9,"minecraft:skeleton_skull":1,"minecraft:white_wool":5,"minecraft:cobblestone":38,"regions_unexplored:peat_dirt":6,"minecraft:feather":9,"minecraft:cooked_beef":1,"minecraft:repeater":1,"minecraft:water_bucket":1,"minecraft:salmon":7,"minecraft:leather":6,"minecraft:golden_leggings":3,"minecraft:flint":1,"minecraft:cooked_mutton":11,"minecraft:bone":4,"minecraft:apple":1,"minecraft:stone_bricks":3,"minecraft:kelp":81,"minecraft:bow":1,"minecraft:wheat_seeds":31,"minecraft:rabbit_hide":2,"minecraft:spruce_wood":3,"regions_unexplored:larch_sapling":9,"minecraft:rabbit":1,"minecraft:glass_bottle":1,"regions_unexplored:orange_maple_leaf_pile":9,"minecraft:book":43,"minecraft:pumpkin":6,"minecraft:gravel":8,"minecraft:sand":80,"minecraft:stripped_spruce_log":3,"minecraft:ink_sac":9,"minecraft:white_bed":1,"minecraft:mossy_cobblestone":1,"galosphere:silver_nugget":2,"regions_unexplored:cattail":24,"travelersbackpack:standard":8,"minecraft:emerald":2,"minecraft:bread":1,"minecraft:oak_sapling":2,"minecraft:coal":3,"regions_unexplored:larch_boat":1},"minecraft:killed_by":{"minecraft:player":1,"minecraft:spider":1,"minecraft:pillager":1,"minecraft:vindicator":2,"minecraft:skeleton":12,"minecraft:witch":2,"minecraft:zombie":1},"minecraft:used":{"minecraft:stone_sword":361,"minecraft:stone_shovel":86,"minecraft:chest":2,"mcdar:golem_kit":5,"minecraft:rotten_flesh":3,"minecraft:torch":1,"minecraft:mutton":4,"travelersbackpack:iron":2,"minecraft:beef":7,"regions_unexplored:larch_planks":3,"minecraft:cooked_cod":3,"minecraft:cooked_beef":1,"minecraft:cooked_mutton":11,"minecraft:stone_pickaxe":16,"minecraft:wooden_pickaxe":38,"minecraft:brown_mushroom":1,"minecraft:salmon":5,"minecraft:apple":11},"minecraft:crafted":{"regions_unexplored:larch_planks":168,"minecraft:glass":1,"minecraft:stone_pickaxe":1,"minecraft:chest":1,"minecraft:cooked_beef":18,"minecraft:crafting_table":1,"minecraft:spruce_planks":12,"minecraft:wooden_pickaxe":1,"minecraft:stone_axe":1,"minecraft:stick":8,"minecraft:stone_sword":2},"minecraft:killed":{"bloomingnature:owl":1,"minecraft:witch":1,"minecraft:vindicator":1,"minecraft:spider":1,"minecraft:skeleton":2,"minecraft:drowned":7,"minecraft:pig":7,"minecraft:salmon":10,"minecraft:rabbit":1,"minecraft:squid":3,"minecraft:sheep":6,"minecraft:pillager":1,"minecraft:zombie":2,"minecraft:cow":4,"bloomingnature:pelican":6}},"DataVersion":3465}