{"stats":{"minecraft:dropped":{"minecraft:kelp":15,"minecraft:apple":1,"regions_unexplored:larch_sapling":9,"travelersbackpack:standard":6,"regions_unexplored:cattail":12,"minecraft:spruce_wood":2,"minecraft:wooden_pickaxe":1,"minecraft:armor_stand":2},"minecraft:custom":{"minecraft:interact_with_furnace":3,"minecraft:mob_kills":22,"minecraft:interact_with_crafting_table":5,"minecraft:open_barrel":13,"minecraft:leave_game":6,"minecraft:time_since_death":16697,"minecraft:sleep_in_bed":6,"minecraft:time_since_rest":6813,"minecraft:sprint_one_cm":194826,"minecraft:damage_taken":4115,"minecraft:walk_one_cm":307710,"minecraft:drop":16,"minecraft:damage_dealt":2956,"minecraft:swim_one_cm":38992,"minecraft:fly_one_cm":63201,"minecraft:open_chest":17,"minecraft:crouch_one_cm":140,"minecraft:play_time":126485,"minecraft:deaths":14,"minecraft:sneak_time":366,"minecraft:walk_under_water_one_cm":40340,"minecraft:boat_one_cm":93349,"minecraft:jump":957,"minecraft:interact_with_blast_furnace":4,"minecraft:walk_on_water_one_cm":43740,"minecraft:total_world_time":126485,"minecraft:fall_one_cm":18389},"minecraft:picked_up":{"regions_unexplored:peat_dirt":4,"minecraft:iron_chestplate":1,"minecraft:feather":6,"minecraft:salmon":2,"minecraft:golden_leggings":2,"minecraft:leather":6,"minecraft:brown_mushroom":2,"minecraft:cooked_mutton":1,"minecraft:armor_stand":3,"minecraft:bone":2,"minecraft:apple":1,"minecraft:kelp":22,"minecraft:wheat_seeds":15,"minecraft:rabbit_hide":2,"minecraft:spruce_wood":3,"minecraft:beef":7,"regions_unexplored:larch_log":42,"mcdar:golem_kit":1,"regions_unexplored:larch_sapling":9,"minecraft:rabbit":1,"minecraft:stick":1,"minecraft:gravel":8,"minecraft:porkchop":9,"minecraft:sand":77,"minecraft:stone_button":1,"minecraft:ink_sac":3,"minecraft:white_bed":1,"minecraft:mossy_cobblestone":1,"minecraft:howl_pottery_sherd":1,"regions_unexplored:cattail":24,"minecraft:tnt":1,"travelersbackpack:standard":7,"minecraft:stone_sword":1,"minecraft:arrow":1,"mythic_charms:experience_nugget":15,"minecraft:rotten_flesh":2,"minecraft:stone_shovel":1,"minecraft:mutton":2,"minecraft:coal":3,"minecraft:white_wool":1,"minecraft:cobblestone":33},"minecraft:killed_by":{"minecraft:player":1,"minecraft:skeleton":10,"minecraft:spider":1,"minecraft:zombie":1},"minecraft:crafted":{"minecraft:wooden_pickaxe":1,"regions_unexplored:larch_planks":168,"minecraft:stone_axe":1,"minecraft:glass":1,"minecraft:stick":8,"minecraft:stone_pickaxe":1,"minecraft:stone_sword":1},"minecraft:used":{"minecraft:cooked_mutton":1,"minecraft:stone_sword":118,"minecraft:stone_pickaxe":8,"minecraft:stone_shovel":86,"minecraft:wooden_pickaxe":38,"mcdar:golem_kit":2,"minecraft:rotten_flesh":1,"minecraft:apple":11},"minecraft:killed":{"minecraft:pig":5,"minecraft:salmon":3,"minecraft:spider":1,"minecraft:rabbit":1,"minecraft:squid":1,"minecraft:sheep":3,"minecraft:cow":4,"bloomingnature:pelican":4},"minecraft:mined":{"regions_unexplored:golden_larch_leaves":1,"minecraft:brown_mushroom":2,"minecraft:white_bed":1,"minecraft:kelp_plant":2,"regions_unexplored:cattail":12,"regions_unexplored:peat_grass_block":1,"minecraft:tall_grass":23,"minecraft:kelp":11,"minecraft:large_fern":4,"minecraft:seagrass":1,"treechop:chopped_log":1,"minecraft:grass":77,"minecraft:coal_ore":2,"regions_unexplored:peat_dirt":1,"minecraft:gravel":6,"minecraft:sand":80,"regions_unexplored:medium_grass":14,"minecraft:stone":33,"minecraft:oak_leaves":1}},"DataVersion":3465}