{"stats":{"minecraft:crafted":{"minecraft:stick":8,"minecraft:wooden_pickaxe":1,"minecraft:stone_pickaxe":1,"minecraft:stone_sword":1,"regions_unexplored:larch_planks":168,"minecraft:stone_axe":1},"minecraft:mined":{"minecraft:seagrass":1,"regions_unexplored:golden_larch_leaves":1,"minecraft:brown_mushroom":2,"minecraft:white_bed":1,"minecraft:kelp_plant":2,"treechop:chopped_log":1,"regions_unexplored:peat_grass_block":1,"minecraft:coal_ore":2,"regions_unexplored:peat_dirt":1,"minecraft:sand":68,"minecraft:gravel":6,"regions_unexplored:medium_grass":1,"minecraft:stone":33,"minecraft:kelp":11},"minecraft:dropped":{"minecraft:kelp":8,"minecraft:spruce_wood":2,"minecraft:wooden_pickaxe":1,"regions_unexplored:larch_sapling":9},"minecraft:custom":{"minecraft:time_since_rest":11609,"minecraft:sprint_one_cm":55854,"minecraft:damage_taken":2436,"minecraft:walk_one_cm":206540,"minecraft:mob_kills":17,"minecraft:drop":5,"minecraft:damage_dealt":2062,"minecraft:swim_one_cm":7382,"minecraft:interact_with_crafting_table":5,"minecraft:fly_one_cm":8551,"minecraft:open_barrel":10,"minecraft:open_chest":11,"minecraft:crouch_one_cm":96,"minecraft:play_time":79050,"minecraft:deaths":8,"minecraft:sneak_time":350,"minecraft:walk_under_water_one_cm":35636,"minecraft:boat_one_cm":75498,"minecraft:jump":533,"minecraft:interact_with_blast_furnace":2,"minecraft:walk_on_water_one_cm":30463,"minecraft:leave_game":3,"minecraft:time_since_death":16094,"minecraft:sleep_in_bed":3,"minecraft:total_world_time":79050,"minecraft:fall_one_cm":12967},"minecraft:used":{"minecraft:cooked_mutton":1,"minecraft:apple":6,"minecraft:stone_sword":63,"minecraft:stone_shovel":71,"minecraft:stone_pickaxe":6,"minecraft:wooden_pickaxe":38},"minecraft:killed":{"minecraft:sheep":3,"minecraft:pig":2,"minecraft:salmon":3,"minecraft:squid":1,"minecraft:cow":4,"bloomingnature:pelican":4},"minecraft:picked_up":{"regions_unexplored:peat_dirt":2,"minecraft:stick":1,"minecraft:feather":6,"minecraft:salmon":2,"minecraft:leather":6,"minecraft:brown_mushroom":2,"minecraft:golden_leggings":2,"minecraft:gravel":8,"minecraft:porkchop":3,"minecraft:sand":65,"minecraft:stone_button":1,"minecraft:ink_sac":3,"minecraft:white_bed":1,"minecraft:mossy_cobblestone":1,"minecraft:howl_pottery_sherd":1,"minecraft:tnt":1,"minecraft:cooked_mutton":1,"minecraft:stone_shovel":1,"mythic_charms:experience_nugget":10,"minecraft:rotten_flesh":2,"minecraft:kelp":15,"minecraft:spruce_wood":3,"minecraft:beef":7,"regions_unexplored:larch_log":42,"regions_unexplored:larch_sapling":9,"minecraft:mutton":2,"minecraft:coal":3,"minecraft:white_wool":1,"minecraft:cobblestone":33},"minecraft:killed_by":{"minecraft:player":1,"minecraft:skeleton":5,"minecraft:zombie":1}},"DataVersion":3465}