{"stats":{"minecraft:crafted":{"regions_unexplored:larch_boat":1,"minecraft:cooked_cod":14,"minecraft:stone_shovel":2,"minecraft:crafting_table":2,"minecraft:wooden_pickaxe":1,"minecraft:furnace":1,"minecraft:cooked_salmon":27,"regions_unexplored:larch_planks":252,"minecraft:stone_axe":1,"minecraft:cooked_mutton":3,"minecraft:air":0,"minecraft:iron_chestplate":1,"minecraft:gold_ingot":18,"minecraft:stick":8,"minecraft:iron_pickaxe":1,"minecraft:stone_pickaxe":1,"minecraft:chest":1,"minecraft:stone_sword":1,"minecraft:white_bed":1,"minecraft:stone_hoe":1,"minecraft:torch":8},"minecraft:mined":{"minecraft:cyan_terracotta":1,"minecraft:red_bed":4,"minecraft:mossy_cobblestone":1,"minecraft:black_terracotta":1,"minecraft:spruce_door":1,"minecraft:dandelion":1,"minecraft:brewing_stand":1,"regions_unexplored:larch_planks":6,"minecraft:crafting_table":4,"minecraft:torch":2,"regions_unexplored:peat_grass_block":13,"minecraft:spruce_fence":2,"minecraft:decorated_pot":1,"minecraft:chest":1,"minecraft:light_gray_bed":1,"minecraft:spruce_wall_sign":1,"minecraft:cobblestone":9,"minecraft:tall_grass":22,"minecraft:dried_kelp_block":30,"minecraft:kelp":1,"minecraft:wall_torch":2,"minecraft:large_fern":5,"minecraft:tall_seagrass":2,"minecraft:furnace":1,"minecraft:brown_stained_glass":5,"minecraft:ice":1,"minecraft:tnt":13,"treechop:chopped_log":2,"minecraft:gold_block":2,"regions_unexplored:larch_leaves":1,"minecraft:grass":22,"minecraft:coal_ore":24,"minecraft:gravel":33,"regions_unexplored:peat_dirt":1,"minecraft:spruce_pressure_plate":2,"minecraft:flower_pot":1,"minecraft:packed_ice":2,"minecraft:smooth_sandstone_stairs":2,"regions_unexplored:medium_grass":6,"minecraft:spruce_wood":20,"minecraft:stone_bricks":1,"minecraft:stone":31},"minecraft:dropped":{"minecraft:kelp":1,"regions_unexplored:larch_planks":56,"minecraft:stone_shovel":1,"minecraft:cooked_mutton":2,"minecraft:howl_pottery_sherd":1,"minecraft:golden_leggings":3,"minecraft:spruce_pressure_plate":4,"minecraft:chest":1},"minecraft:custom":{"minecraft:interact_with_furnace":16,"minecraft:mob_kills":9,"minecraft:interact_with_crafting_table":30,"minecraft:open_barrel":71,"minecraft:leave_game":4,"minecraft:time_since_death":71134,"minecraft:sleep_in_bed":7,"minecraft:climb_one_cm":78,"minecraft:time_since_rest":11609,"minecraft:sprint_one_cm":167692,"minecraft:damage_taken":1214,"minecraft:walk_one_cm":210747,"minecraft:drop":12,"minecraft:damage_dealt":1775,"minecraft:player_kills":1,"minecraft:swim_one_cm":40538,"minecraft:talked_to_villager":5,"minecraft:fly_one_cm":195069,"minecraft:open_chest":26,"minecraft:crouch_one_cm":3763,"minecraft:play_time":81779,"minecraft:deaths":2,"minecraft:sneak_time":2134,"minecraft:walk_under_water_one_cm":7669,"minecraft:boat_one_cm":85558,"minecraft:jump":915,"minecraft:interact_with_blast_furnace":4,"minecraft:walk_on_water_one_cm":13945,"minecraft:total_world_time":81779,"minecraft:fall_one_cm":17280},"minecraft:used":{"minecraft:cooked_mutton":4,"minecraft:water_bucket":3,"minecraft:stone_sword":29,"minecraft:spruce_door":1,"minecraft:stone_shovel":28,"minecraft:stone_pickaxe":44,"minecraft:baked_potato":1,"regions_unexplored:peat_dirt":4,"minecraft:chest":1,"minecraft:wooden_pickaxe":15,"regions_unexplored:larch_boat":3,"minecraft:cooked_salmon":3,"minecraft:stone_hoe":18,"minecraft:torch":13,"minecraft:crafting_table":6,"minecraft:red_bed":4,"minecraft:white_bed":1,"minecraft:flower_pot":1,"minecraft:bread":3,"paladins:iron_claymore":23,"minecraft:iron_pickaxe":28,"minecraft:stone_bricks":1,"minecraft:stone_axe":55,"regions_unexplored:larch_planks":56,"minecraft:furnace":2,"minecraft:cooked_cod":6,"minecraft:bucket":3,"minecraft:kelp":1},"minecraft:killed":{"minecraft:sheep":2,"minecraft:skeleton":2,"minecraft:zombie":1,"minecraft:player":1,"minecraft:cow":4},"minecraft:picked_up":{"regions_unexplored:peat_dirt":14,"minecraft:crafting_table":4,"minecraft:leather_chestplate":1,"minecraft:leather_leggings":1,"regions_unexplored:larch_planks":64,"minecraft:flower_pot":1,"minecraft:leather":6,"minecraft:golden_leggings":3,"minecraft:wooden_pickaxe":1,"minecraft:gold_block":2,"paraglider:spirit_orb":1,"minecraft:flint":3,"minecraft:smooth_sandstone_stairs":2,"minecraft:brewing_stand":1,"minecraft:brick":3,"minecraft:red_bed":4,"minecraft:flint_and_steel":1,"minecraft:leather_boots":1,"minecraft:armor_stand":1,"minecraft:cooked_mutton":1,"minecraft:bone":3,"minecraft:stone_bricks":1,"minecraft:kelp":2,"minecraft:wheat_seeds":5,"minecraft:spruce_wood":19,"minecraft:beef":10,"regions_unexplored:larch_log":63,"regions_unexplored:larch_sapling":10,"minecraft:chest":2,"minecraft:furnace":1,"minecraft:spruce_pressure_plate":10,"minecraft:stick":9,"minecraft:black_terracotta":1,"minecraft:torch":5,"minecraft:gravel":29,"minecraft:spruce_fence":2,"minecraft:sand":5,"minecraft:stone_button":1,"minecraft:leather_helmet":1,"minecraft:spruce_door":1,"minecraft:howl_pottery_sherd":1,"minecraft:tnt":12,"minecraft:dried_kelp_block":30,"minecraft:light_gray_bed":1,"mythic_charms:experience_nugget":18,"minecraft:arrow":3,"minecraft:rotten_flesh":2,"minecraft:cyan_terracotta":1,"minecraft:spruce_sign":3,"minecraft:mutton":5,"regions_unexplored:larch_boat":2,"minecraft:coal":43,"minecraft:cobblestone":38,"minecraft:white_wool":4,"regions_unexplored:golden_larch_sapling":13},"minecraft:killed_by":{"minecraft:zombie":2}},"DataVersion":3465}