{"stats":{"minecraft:dropped":{"minecraft:porkchop":3,"regions_unexplored:larch_planks":59,"minecraft:gray_wool":1,"minecraft:cooked_salmon":24,"minecraft:glistering_melon_slice":2,"minecraft:kelp":1,"minecraft:sugar_cane":18,"minecraft:wheat":2,"minecraft:obsidian":1,"minecraft:stone_shovel":1,"minecraft:cooked_mutton":2,"minecraft:blast_furnace":1,"minecraft:howl_pottery_sherd":1,"minecraft:spruce_pressure_plate":4,"minecraft:golden_leggings":4,"minecraft:chest":1,"minecraft:beef":26,"mcdar:golem_kit":2},"minecraft:custom":{"minecraft:interact_with_smithing_table":3,"minecraft:mob_kills":32,"minecraft:interact_with_crafting_table":47,"minecraft:open_barrel":90,"minecraft:leave_game":6,"minecraft:time_since_death":9608,"minecraft:climb_one_cm":78,"minecraft:sprint_one_cm":325041,"minecraft:walk_one_cm":288011,"minecraft:drop":26,"minecraft:talked_to_villager":5,"minecraft:play_time":133694,"minecraft:deaths":5,"minecraft:sneak_time":2377,"minecraft:walk_under_water_one_cm":10840,"minecraft:boat_one_cm":85558,"minecraft:jump":1979,"minecraft:interact_with_blast_furnace":5,"minecraft:walk_on_water_one_cm":24993,"minecraft:total_world_time":133694,"minecraft:interact_with_furnace":37,"minecraft:sleep_in_bed":9,"minecraft:time_since_rest":6742,"minecraft:damage_taken":3086,"minecraft:damage_dealt":5038,"minecraft:swim_one_cm":102296,"minecraft:fly_one_cm":447729,"minecraft:player_kills":1,"minecraft:open_chest":56,"minecraft:crouch_one_cm":4450,"minecraft:fall_one_cm":45317},"minecraft:picked_up":{"minecraft:crafting_table":4,"minecraft:wheat":2,"regions_unexplored:larch_planks":171,"minecraft:flower_pot":1,"minecraft:leather_leggings":1,"minecraft:smithing_table":1,"minecraft:wooden_pickaxe":1,"minecraft:gold_block":2,"minecraft:brewing_stand":1,"minecraft:brick":3,"minecraft:red_bed":4,"minecraft:cooked_salmon":48,"minecraft:flint_and_steel":1,"minecraft:iron_leggings":1,"minecraft:armor_stand":1,"minecraft:beef":88,"regions_unexplored:larch_log":65,"mcdar:golem_kit":2,"minecraft:iron_pickaxe":1,"minecraft:sugar_cane":38,"minecraft:chest":5,"minecraft:furnace":3,"minecraft:spruce_pressure_plate":10,"minecraft:stick":9,"minecraft:torch":5,"minecraft:spruce_fence":2,"minecraft:porkchop":9,"minecraft:cake":1,"minecraft:stone_button":1,"minecraft:howl_pottery_sherd":1,"minecraft:tnt":12,"minecraft:stone_shovel":1,"mythic_charms:experience_nugget":32,"minecraft:arrow":4,"minecraft:light_gray_bed":1,"minecraft:rotten_flesh":7,"minecraft:cooked_cod":4,"minecraft:cyan_terracotta":1,"minecraft:gold_ingot":24,"minecraft:glistering_melon_slice":4,"minecraft:obsidian":1,"minecraft:mutton":17,"regions_unexplored:golden_larch_sapling":14,"minecraft:white_wool":9,"minecraft:cobblestone":46,"regions_unexplored:peat_dirt":37,"minecraft:leather_chestplate":2,"minecraft:golden_leggings":4,"minecraft:leather":30,"minecraft:potato":10,"paraglider:spirit_orb":1,"minecraft:flint":3,"minecraft:smooth_sandstone_stairs":2,"minecraft:dirt":4,"minecraft:leather_boots":1,"minecraft:cooked_mutton":1,"mcdar:boots_of_swiftness":2,"minecraft:glass":10,"minecraft:bone":4,"minecraft:apple":9,"minecraft:gray_carpet":1,"minecraft:stone_bricks":1,"minecraft:kelp":2,"minecraft:wheat_seeds":5,"minecraft:spruce_wood":19,"minecraft:iron_ingot":5,"regions_unexplored:larch_sapling":11,"minecraft:stone_hoe":1,"paladins:iron_claymore":1,"minecraft:black_terracotta":1,"minecraft:gravel":56,"minecraft:sand":69,"minecraft:blast_furnace":2,"minecraft:spruce_door":1,"minecraft:leather_helmet":1,"travelersbackpack:standard":1,"minecraft:dried_kelp_block":30,"minecraft:stone_axe":1,"minecraft:gray_wool":3,"minecraft:bread":13,"minecraft:spruce_sign":3,"minecraft:emerald":1,"minecraft:coal":86,"regions_unexplored:larch_boat":2},"minecraft:killed_by":{"mcdar:golem_kit_golem":1,"minecraft:creeper":1,"minecraft:skeleton":1,"minecraft:zombie":2},"minecraft:crafted":{"minecraft:stone_shovel":2,"minecraft:furnace":2,"regions_unexplored:larch_planks":252,"minecraft:white_carpet":3,"travelersbackpack:blank_upgrade":4,"travelersbackpack:gold_tier_upgrade":1,"minecraft:cooked_mutton":3,"minecraft:glass":63,"travelersbackpack:white_sleeping_bag":1,"minecraft:iron_boots":1,"minecraft:stone_pickaxe":1,"minecraft:chest":6,"minecraft:stone_hoe":1,"regions_unexplored:larch_boat":1,"minecraft:cooked_cod":14,"minecraft:crafting_table":2,"travelersbackpack:backpack_tank":8,"minecraft:wooden_pickaxe":1,"travelersbackpack:standard":1,"minecraft:cooked_salmon":27,"minecraft:stone_axe":1,"minecraft:bread":1,"minecraft:air":0,"minecraft:iron_chestplate":1,"minecraft:stick":12,"minecraft:iron_pickaxe":1,"minecraft:stone_sword":1,"minecraft:gold_ingot":18,"minecraft:white_bed":1,"minecraft:torch":24},"minecraft:used":{"minecraft:stone_sword":29,"minecraft:armor_stand":1,"minecraft:stone_shovel":93,"minecraft:chest":1,"mcdar:golem_kit":2,"minecraft:cooked_salmon":13,"minecraft:stone_hoe":18,"minecraft:rotten_flesh":1,"minecraft:torch":13,"minecraft:dirt":4,"paladins:iron_claymore":67,"minecraft:iron_boots":1,"paladins:paladin_armor_head":1,"minecraft:stone_bricks":1,"minecraft:golden_sword":8,"regions_unexplored:larch_planks":56,"minecraft:furnace":3,"minecraft:cooked_cod":13,"minecraft:iron_leggings":1,"minecraft:cooked_mutton":4,"minecraft:water_bucket":3,"minecraft:spruce_door":1,"minecraft:stone_pickaxe":44,"minecraft:gray_carpet":1,"minecraft:baked_potato":1,"regions_unexplored:peat_dirt":4,"minecraft:wooden_pickaxe":15,"minecraft:leather_chestplate":1,"regions_unexplored:larch_boat":3,"minecraft:crafting_table":6,"minecraft:red_bed":4,"minecraft:white_bed":1,"minecraft:flower_pot":1,"minecraft:apple":4,"minecraft:bread":4,"minecraft:iron_pickaxe":31,"minecraft:gravel":6,"minecraft:stone_axe":67,"travelersbackpack:standard":5,"minecraft:bucket":3,"minecraft:kelp":1},"minecraft:killed":{"minecraft:skeleton":3,"minecraft:pig":2,"mcdar:golem_kit_golem":1,"minecraft:sheep":7,"minecraft:zombie":3,"minecraft:player":1,"minecraft:cow":15},"minecraft:mined":{"regions_unexplored:golden_larch_leaves":2,"minecraft:mossy_cobblestone":1,"minecraft:black_terracotta":1,"minecraft:brewing_stand":1,"regions_unexplored:larch_planks":6,"minecraft:grass_block":1,"minecraft:spruce_fence":2,"minecraft:decorated_pot":1,"minecraft:light_gray_bed":1,"minecraft:kelp":1,"minecraft:large_fern":10,"minecraft:tall_seagrass":2,"minecraft:furnace":2,"minecraft:brown_stained_glass":5,"treechop:chopped_log":2,"regions_unexplored:larch_leaves":26,"minecraft:gold_block":2,"minecraft:spruce_pressure_plate":2,"minecraft:packed_ice":2,"minecraft:smooth_sandstone_stairs":2,"regions_unexplored:medium_grass":11,"minecraft:spruce_wood":20,"minecraft:stone":31,"minecraft:smithing_table":1,"minecraft:cyan_terracotta":1,"minecraft:red_bed":4,"minecraft:spruce_door":1,"minecraft:dandelion":1,"travelersbackpack:standard":2,"minecraft:crafting_table":4,"minecraft:torch":2,"minecraft:blast_furnace":1,"regions_unexplored:peat_grass_block":15,"minecraft:chest":1,"minecraft:spruce_wall_sign":1,"minecraft:tall_grass":22,"minecraft:cobblestone":9,"minecraft:dried_kelp_block":30,"minecraft:sugar_cane":9,"minecraft:wall_torch":2,"minecraft:ice":1,"minecraft:tnt":13,"minecraft:grass":25,"minecraft:coal_ore":24,"regions_unexplored:peat_dirt":1,"minecraft:gravel":33,"minecraft:flower_pot":1,"minecraft:sand":65,"minecraft:dirt":3,"minecraft:stone_bricks":1}},"DataVersion":3465}