{"stats":{"minecraft:used":{"minecraft:moss_block":1,"minecraft:stone_sword":29,"minecraft:stone_shovel":93,"minecraft:armor_stand":1,"minecraft:chest":4,"mcdar:golem_kit":2,"minecraft:cooked_salmon":21,"minecraft:stone_hoe":18,"minecraft:rotten_flesh":1,"minecraft:torch":30,"minecraft:dirt":4,"minecraft:dark_oak_planks":1,"minecraft:mangrove_stairs":1,"minecraft:iron_axe":37,"paladins:iron_claymore":167,"minecraft:iron_boots":1,"minecraft:barrel":1,"paladins:paladin_armor_head":1,"minecraft:stone_bricks":1,"minecraft:golden_sword":31,"regions_unexplored:larch_planks":79,"minecraft:furnace":4,"minecraft:cooked_cod":14,"minecraft:iron_leggings":1,"minecraft:calcite":8,"minecraft:cooked_mutton":4,"minecraft:water_bucket":3,"minecraft:spruce_door":1,"minecraft:stone_pickaxe":44,"minecraft:gray_carpet":1,"minecraft:baked_potato":1,"regions_unexplored:peat_dirt":4,"minecraft:wooden_pickaxe":15,"minecraft:leather_chestplate":1,"regions_unexplored:larch_boat":5,"minecraft:stripped_mangrove_wood":1,"minecraft:red_bed":4,"minecraft:crafting_table":7,"minecraft:white_bed":1,"minecraft:cake":1,"minecraft:flower_pot":1,"minecraft:apple":4,"minecraft:bread":5,"minecraft:cyan_carpet":2,"minecraft:iron_pickaxe":81,"minecraft:gravel":6,"minecraft:stone_axe":114,"travelersbackpack:standard":5,"minecraft:sea_pickle":12,"minecraft:bucket":3,"minecraft:pumpkin_pie":1,"minecraft:kelp":1},"minecraft:dropped":{"minecraft:porkchop":3,"minecraft:stripped_mangrove_wood":2,"regions_unexplored:larch_planks":59,"minecraft:stick":2,"minecraft:gray_wool":1,"minecraft:torch":9,"minecraft:cooked_cod":3,"minecraft:cooked_salmon":24,"minecraft:glistering_melon_slice":2,"minecraft:bone":1,"minecraft:sweet_berries":6,"minecraft:kelp":1,"minecraft:sugar_cane":18,"minecraft:wheat":2,"minecraft:obsidian":1,"minecraft:stone_shovel":1,"minecraft:cooked_mutton":2,"minecraft:blast_furnace":1,"minecraft:skeleton_skull":1,"minecraft:howl_pottery_sherd":1,"minecraft:spruce_pressure_plate":4,"minecraft:golden_leggings":4,"minecraft:chest":1,"mcdar:golem_kit":2,"minecraft:beef":26},"minecraft:killed":{"minecraft:spider":1,"minecraft:skeleton":18,"minecraft:husk":8,"minecraft:pig":2,"mcdar:golem_kit_golem":1,"minecraft:sheep":9,"minecraft:zombie":3,"minecraft:player":1,"minecraft:villager":1,"minecraft:enderman":1,"minecraft:cow":17},"minecraft:killed_by":{"mcdar:golem_kit_golem":1,"minecraft:creeper":1,"minecraft:skeleton":1,"minecraft:zombie":2},"minecraft:crafted":{"minecraft:stone_shovel":2,"minecraft:furnace":2,"regions_unexplored:larch_planks":260,"minecraft:white_carpet":3,"travelersbackpack:blank_upgrade":4,"travelersbackpack:gold_tier_upgrade":1,"minecraft:cooked_mutton":9,"minecraft:glass":63,"travelersbackpack:white_sleeping_bag":1,"minecraft:iron_boots":1,"minecraft:iron_axe":1,"minecraft:stone_pickaxe":1,"minecraft:chest":6,"minecraft:stone_hoe":1,"regions_unexplored:larch_boat":1,"minecraft:cooked_cod":14,"minecraft:crafting_table":4,"travelersbackpack:backpack_tank":8,"travelersbackpack:standard":1,"minecraft:wooden_pickaxe":1,"minecraft:cooked_salmon":27,"minecraft:stone_axe":1,"minecraft:bread":1,"minecraft:air":0,"minecraft:iron_chestplate":1,"minecraft:stick":16,"minecraft:iron_pickaxe":1,"minecraft:stone_sword":1,"minecraft:gold_ingot":18,"minecraft:white_bed":1,"minecraft:torch":24},"minecraft:picked_up":{"minecraft:cocoa_beans":64,"minecraft:crafting_table":4,"minecraft:wheat":2,"regions_unexplored:larch_planks":172,"minecraft:flower_pot":1,"minecraft:suspicious_stew":2,"minecraft:leather_leggings":1,"minecraft:stone_slab":9,"minecraft:smithing_table":1,"minecraft:wooden_pickaxe":1,"minecraft:orange_banner":1,"minecraft:gold_block":3,"minecraft:potion":2,"minecraft:brewing_stand":1,"minecraft:brick":3,"minecraft:red_bed":4,"minecraft:cooked_salmon":48,"minecraft:flint_and_steel":1,"minecraft:iron_leggings":1,"minecraft:armor_stand":1,"minecraft:cyan_carpet":2,"minecraft:sea_pickle":12,"minecraft:cartography_table":1,"minecraft:beef":88,"regions_unexplored:larch_log":67,"mcdar:golem_kit":2,"minecraft:calcite":8,"minecraft:iron_pickaxe":1,"minecraft:sugar_cane":38,"minecraft:chest":8,"minecraft:furnace":3,"minecraft:spruce_pressure_plate":10,"minecraft:stick":9,"minecraft:stripped_mangrove_wood":3,"minecraft:torch":15,"minecraft:spruce_fence":2,"minecraft:porkchop":9,"minecraft:dried_kelp":30,"minecraft:cake":1,"minecraft:stone_button":1,"minecraft:carrot":4,"minecraft:dark_oak_planks":1,"minecraft:howl_pottery_sherd":1,"minecraft:tnt":14,"minecraft:mangrove_stairs":1,"mythic_charms:experience_nugget":41,"minecraft:arrow":16,"minecraft:stone_shovel":1,"minecraft:light_gray_bed":1,"minecraft:rotten_flesh":24,"minecraft:cooked_cod":4,"minecraft:pumpkin_pie":6,"minecraft:cyan_terracotta":1,"minecraft:black_banner":1,"minecraft:glistering_melon_slice":4,"minecraft:gold_ingot":24,"minecraft:skeleton_skull":2,"minecraft:obsidian":1,"minecraft:mutton":17,"minecraft:cod":1,"minecraft:cobblestone":46,"minecraft:white_wool":12,"regions_unexplored:golden_larch_sapling":14,"regions_unexplored:peat_dirt":37,"minecraft:leather_chestplate":3,"minecraft:cooked_beef":2,"minecraft:water_bucket":3,"minecraft:leather":33,"minecraft:golden_leggings":4,"minecraft:potato":10,"minecraft:ochre_froglight":26,"paraglider:spirit_orb":5,"minecraft:flint":3,"minecraft:smooth_sandstone_stairs":2,"minecraft:dirt":4,"minecraft:white_banner":1,"minecraft:cooked_mutton":5,"minecraft:leather_boots":1,"mcdar:boots_of_swiftness":2,"minecraft:coast_armor_trim_smithing_template":2,"minecraft:glass":10,"minecraft:bone":19,"minecraft:stone_bricks":1,"minecraft:apple":9,"minecraft:gray_carpet":1,"minecraft:kelp":2,"minecraft:wheat_seeds":23,"minecraft:spruce_wood":19,"minecraft:iron_ingot":5,"regions_unexplored:larch_sapling":11,"minecraft:glass_bottle":11,"minecraft:bamboo":2,"minecraft:moss_block":1,"minecraft:stone_hoe":1,"minecraft:book":93,"paladins:iron_claymore":1,"minecraft:black_terracotta":1,"minecraft:pumpkin":6,"minecraft:sweet_berries":12,"minecraft:gravel":56,"minecraft:sand":69,"minecraft:stripped_spruce_log":2,"minecraft:blast_furnace":2,"minecraft:spruce_door":1,"minecraft:barrel":30,"minecraft:leather_helmet":1,"travelersbackpack:standard":1,"minecraft:sugar":5,"minecraft:dried_kelp_block":30,"minecraft:stone_axe":1,"minecraft:golden_apple":1,"minecraft:painting":1,"minecraft:emerald":2,"minecraft:gray_wool":3,"minecraft:spruce_sign":3,"minecraft:bread":13,"minecraft:oak_sapling":5,"regions_unexplored:larch_boat":5,"minecraft:coal":94},"minecraft:broken":{"minecraft:golden_sword":1,"minecraft:stone_axe":1},"minecraft:custom":{"minecraft:interact_with_smithing_table":3,"minecraft:mob_kills":63,"minecraft:interact_with_crafting_table":53,"minecraft:open_barrel":121,"minecraft:eat_cake_slice":5,"minecraft:leave_game":10,"minecraft:time_since_death":48331,"minecraft:climb_one_cm":1554,"minecraft:sprint_one_cm":390548,"minecraft:walk_one_cm":403884,"minecraft:drop":36,"minecraft:talked_to_villager":6,"minecraft:play_time":172417,"minecraft:sneak_time":3969,"minecraft:deaths":5,"minecraft:walk_under_water_one_cm":10918,"minecraft:boat_one_cm":100053,"minecraft:jump":2289,"minecraft:interact_with_blast_furnace":5,"minecraft:walk_on_water_one_cm":25559,"minecraft:total_world_time":172417,"minecraft:interact_with_furnace":44,"minecraft:sleep_in_bed":11,"minecraft:time_since_rest":30960,"minecraft:damage_taken":3826,"minecraft:damage_dealt":12275,"minecraft:player_kills":1,"minecraft:swim_one_cm":103480,"minecraft:fly_one_cm":486139,"minecraft:open_chest":82,"minecraft:crouch_one_cm":8476,"minecraft:fall_one_cm":50619},"minecraft:mined":{"minecraft:dark_oak_planks":5,"regions_unexplored:golden_larch_leaves":2,"minecraft:mossy_cobblestone":1,"minecraft:black_terracotta":1,"minecraft:brewing_stand":1,"regions_unexplored:larch_planks":7,"minecraft:grass_block":1,"minecraft:spruce_fence":2,"minecraft:decorated_pot":1,"minecraft:light_gray_bed":1,"minecraft:kelp":1,"minecraft:cartography_table":1,"minecraft:spawner":2,"minecraft:large_fern":10,"minecraft:tall_seagrass":2,"minecraft:furnace":2,"minecraft:brown_stained_glass":5,"minecraft:barrel":25,"minecraft:stripped_spruce_log":2,"treechop:chopped_log":2,"minecraft:pumpkin":6,"regions_unexplored:larch_leaves":26,"minecraft:gold_block":3,"minecraft:bookshelf":31,"minecraft:spruce_pressure_plate":2,"minecraft:packed_ice":2,"minecraft:smooth_sandstone_stairs":2,"regions_unexplored:medium_grass":11,"minecraft:spruce_wood":20,"minecraft:stripped_mangrove_wood":1,"minecraft:stone":31,"minecraft:smithing_table":1,"minecraft:mangrove_stairs":1,"minecraft:cyan_terracotta":1,"minecraft:red_bed":4,"minecraft:dandelion":1,"minecraft:spruce_door":1,"travelersbackpack:standard":2,"minecraft:crafting_table":4,"minecraft:torch":3,"minecraft:blast_furnace":1,"regions_unexplored:peat_grass_block":15,"minecraft:calcite":8,"minecraft:chest":4,"minecraft:nether_brick_slab":1,"minecraft:campfire":1,"minecraft:stone_slab":9,"minecraft:spruce_wall_sign":1,"minecraft:tall_grass":22,"minecraft:cobblestone":9,"minecraft:dried_kelp_block":30,"minecraft:sugar_cane":9,"minecraft:wall_torch":3,"minecraft:black_wall_banner":1,"minecraft:ice":1,"minecraft:white_wall_banner":1,"minecraft:tnt":13,"minecraft:grass":27,"minecraft:coal_ore":24,"minecraft:ochre_froglight":26,"minecraft:cyan_carpet":2,"regions_unexplored:peat_dirt":1,"minecraft:gravel":33,"minecraft:sand":65,"minecraft:flower_pot":1,"minecraft:dirt":3,"minecraft:stone_bricks":1,"minecraft:orange_wall_banner":1}},"DataVersion":3465}