{"stats":{"minecraft:mined":{"regions_unexplored:medium_grass":1,"regions_unexplored:peat_grass_block":2,"minecraft:dandelion":1},"minecraft:custom":{"minecraft:jump":29,"minecraft:time_since_rest":4428,"minecraft:crouch_one_cm":1,"minecraft:leave_game":4,"minecraft:play_time":4428,"minecraft:sprint_one_cm":6123,"minecraft:time_since_death":4428,"minecraft:walk_one_cm":4611,"minecraft:sneak_time":189,"minecraft:total_world_time":4428,"minecraft:fall_one_cm":627,"minecraft:fly_one_cm":4943},"minecraft:used":{"regions_unexplored:peat_dirt":2},"minecraft:picked_up":{"regions_unexplored:peat_dirt":2}},"DataVersion":3465}