{"stats":{"minecraft:custom":{"minecraft:interact_with_crafting_table":76,"minecraft:open_barrel":171,"minecraft:eat_cake_slice":5,"minecraft:leave_game":15,"minecraft:time_since_death":7114,"minecraft:sprint_one_cm":587548,"minecraft:drop":45,"minecraft:talked_to_villager":11,"minecraft:play_time":289977,"minecraft:deaths":7,"minecraft:jump":3914,"minecraft:walk_on_water_one_cm":41502,"minecraft:interact_with_furnace":47,"minecraft:sleep_in_bed":12,"minecraft:damage_dealt":24982,"minecraft:player_kills":1,"minecraft:crouch_one_cm":12699,"minecraft:inspect_dispenser":1,"minecraft:interact_with_smithing_table":5,"minecraft:mob_kills":125,"minecraft:interact_with_anvil":1,"minecraft:climb_one_cm":19254,"minecraft:walk_one_cm":681400,"minecraft:sneak_time":5911,"minecraft:walk_under_water_one_cm":26145,"minecraft:boat_one_cm":441551,"minecraft:interact_with_blast_furnace":5,"minecraft:total_world_time":289977,"minecraft:time_since_rest":7151,"minecraft:damage_absorbed":40,"minecraft:damage_taken":9428,"minecraft:swim_one_cm":158081,"minecraft:fly_one_cm":708529,"minecraft:open_chest":180,"minecraft:fall_one_cm":87197},"minecraft:dropped":{"minecraft:porkchop":3,"minecraft:stripped_mangrove_wood":2,"regions_unexplored:larch_planks":59,"minecraft:cooked_cod":3,"minecraft:glistering_melon_slice":2,"minecraft:bone":1,"minecraft:sugar_cane":18,"minecraft:wheat":2,"minecraft:obsidian":1,"minecraft:cooked_mutton":8,"travelersbackpack:iron":3,"minecraft:skeleton_skull":1,"minecraft:spruce_pressure_plate":4,"minecraft:chest":1,"mcdar:golem_kit":2,"minecraft:beef":26,"minecraft:bread":1,"minecraft:stick":4,"minecraft:gray_wool":1,"minecraft:torch":9,"minecraft:cooked_salmon":24,"minecraft:string":2,"minecraft:kelp":1,"minecraft:sweet_berries":6,"minecraft:stone_shovel":1,"minecraft:chicken":1,"minecraft:iron_boots":1,"minecraft:blast_furnace":1,"minecraft:howl_pottery_sherd":1,"minecraft:golden_leggings":4},"minecraft:picked_up":{"minecraft:wheat":2,"regions_unexplored:larch_planks":177,"minecraft:flower_pot":1,"minecraft:suspicious_stew":2,"minecraft:smithing_table":2,"minecraft:stone_slab":9,"minecraft:potion":3,"minecraft:brewing_stand":1,"travelersbackpack:emerald":1,"bloomingnature:beach_grass":1,"minecraft:string":12,"minecraft:cooked_salmon":48,"minecraft:iron_leggings":1,"minecraft:armor_stand":1,"minecraft:sea_pickle":12,"bosses_of_mass_destruction:soul_star":1,"minecraft:spruce_planks":9,"regions_unexplored:larch_log":67,"minecraft:calcite":8,"minecraft:iron_pickaxe":1,"minecraft:furnace":3,"minecraft:iron_boots":2,"minecraft:spruce_pressure_plate":10,"minecraft:stick":14,"minecraft:oak_fence":6,"minecraft:torch":18,"minecraft:porkchop":9,"minecraft:dried_kelp":30,"travelersbackpack:iron":2,"minecraft:mangrove_stairs":1,"minecraft:light_gray_bed":1,"minecraft:rotten_flesh":47,"minecraft:cyan_terracotta":1,"minecraft:iron_block":1,"minecraft:obsidian":1,"minecraft:iron_bars":2,"minecraft:cod":1,"minecraft:cobblestone":74,"regions_unexplored:golden_larch_sapling":14,"minecraft:leather_chestplate":3,"minecraft:cooked_beef":2,"minecraft:water_bucket":3,"minecraft:golden_leggings":4,"minecraft:smoker":2,"minecraft:potato":10,"paraglider:spirit_orb":9,"minecraft:flint":3,"minecraft:smooth_sandstone_stairs":2,"mcdw:glaive_cackling_broom":1,"minecraft:dirt":10,"minecraft:leather_boots":1,"mcdar:boots_of_swiftness":2,"minecraft:glass":10,"minecraft:bone":33,"minecraft:chipped_anvil":2,"minecraft:bow":2,"minecraft:wheat_seeds":33,"minecraft:mossy_stone_bricks":1,"minecraft:bamboo":2,"minecraft:moss_block":1,"minecraft:stone_hoe":1,"minecraft:oak_planks":45,"minecraft:black_terracotta":1,"minecraft:sand":72,"minecraft:stripped_spruce_log":2,"minecraft:barrel":30,"minecraft:mossy_cobblestone":12,"galosphere:silver_nugget":10,"regions_unexplored:cattail":3,"minecraft:light_gray_concrete":5,"minecraft:sugar":5,"minecraft:golden_apple":1,"minecraft:spruce_sign":3,"minecraft:bread":13,"minecraft:emerald":14,"minecraft:oak_sapling":5,"minecraft:crafting_table":5,"minecraft:cocoa_beans":64,"minecraft:coarse_dirt":1,"minecraft:chicken":1,"minecraft:leather_leggings":1,"minecraft:wooden_pickaxe":1,"minecraft:gold_block":4,"minecraft:orange_banner":1,"minecraft:brick":3,"minecraft:cornflower":1,"minecraft:oak_trapdoor":2,"minecraft:red_bed":4,"minecraft:iron_axe":1,"minecraft:flint_and_steel":1,"minecraft:cyan_carpet":2,"minecraft:cartography_table":1,"minecraft:beef":88,"minecraft:oak_boat":3,"mcdar:golem_kit":2,"minecraft:spruce_slab":8,"minecraft:sugar_cane":38,"minecraft:chest":10,"bloomingnature:fan_palm_sprout":2,"minecraft:spruce_trapdoor":2,"minecraft:stripped_crimson_hyphae":3,"minecraft:stripped_mangrove_wood":3,"minecraft:spruce_fence":2,"minecraft:cake":1,"minecraft:stone_button":1,"minecraft:carrot":4,"minecraft:redstone":7,"minecraft:dark_oak_planks":1,"minecraft:howl_pottery_sherd":1,"minecraft:tnt":14,"minecraft:arrow":36,"mythic_charms:experience_nugget":72,"minecraft:stone_shovel":1,"minecraft:cooked_cod":4,"minecraft:pumpkin_pie":6,"minecraft:hay_block":12,"minecraft:black_banner":1,"minecraft:glistering_melon_slice":4,"minecraft:gold_ingot":24,"minecraft:mutton":18,"minecraft:skeleton_skull":3,"minecraft:white_wool":13,"regions_unexplored:peat_dirt":37,"minecraft:leather":33,"minecraft:ochre_froglight":26,"minecraft:gunpowder":14,"minecraft:cobblestone_stairs":1,"minecraft:white_banner":1,"minecraft:cooked_mutton":5,"minecraft:coast_armor_trim_smithing_template":2,"minecraft:stone_bricks":1,"minecraft:apple":9,"minecraft:gray_carpet":1,"minecraft:kelp":2,"minecraft:spruce_wood":25,"minecraft:iron_ingot":13,"regions_unexplored:larch_sapling":11,"minecraft:glass_bottle":11,"travelersbackpack:blank_upgrade":2,"minecraft:book":135,"minecraft:oak_slab":8,"paladins:iron_claymore":1,"minecraft:pumpkin":6,"minecraft:sweet_berries":14,"minecraft:quartz":17,"minecraft:gravel":56,"minecraft:blast_furnace":4,"minecraft:spruce_door":1,"minecraft:spider_eye":2,"minecraft:leather_helmet":1,"travelersbackpack:standard":2,"minecraft:oak_wood":14,"minecraft:dried_kelp_block":30,"minecraft:stone_axe":1,"minecraft:painting":1,"minecraft:gray_wool":3,"regions_unexplored:larch_boat":5,"minecraft:coal":106},"minecraft:killed_by":{"minecraft:creeper":1,"minecraft:zombie":2,"mcdar:golem_kit_golem":2,"minecraft:skeleton":2},"minecraft:crafted":{"minecraft:oak_planks":56,"travelersbackpack:iron":1,"travelersbackpack:crafting_upgrade":1,"regions_unexplored:larch_planks":260,"minecraft:cooked_mutton":9,"minecraft:glass":63,"minecraft:iron_boots":1,"minecraft:chest":7,"minecraft:stone_hoe":1,"regions_unexplored:larch_boat":2,"travelersbackpack:iron_tier_upgrade":1,"minecraft:crafting_table":7,"minecraft:wooden_pickaxe":1,"travelersbackpack:standard":2,"minecraft:smithing_table":1,"travelersbackpack:emerald":4,"minecraft:iron_chestplate":1,"minecraft:stick":20,"minecraft:iron_ingot":9,"minecraft:iron_pickaxe":1,"minecraft:stone_sword":1,"minecraft:gold_ingot":27,"minecraft:stone_shovel":2,"minecraft:furnace":2,"minecraft:white_carpet":3,"travelersbackpack:blank_upgrade":4,"travelersbackpack:gold_tier_upgrade":1,"travelersbackpack:white_sleeping_bag":2,"minecraft:iron_axe":1,"minecraft:stone_pickaxe":1,"minecraft:cooked_beef":18,"minecraft:cooked_cod":14,"travelersbackpack:backpack_tank":8,"minecraft:iron_sword":1,"minecraft:cooked_salmon":27,"minecraft:stone_axe":1,"minecraft:bread":1,"minecraft:air":0,"minecraft:oak_boat":1,"minecraft:white_bed":1,"minecraft:torch":32},"minecraft:used":{"minecraft:moss_block":1,"minecraft:spruce_slab":2,"minecraft:chest":6,"minecraft:iron_sword":52,"mcdar:golem_kit":2,"minecraft:rotten_flesh":1,"mcdw:glaive_cackling_broom":3,"travelersbackpack:emerald":3,"minecraft:mangrove_stairs":1,"paladins:iron_claymore":285,"paladins:paladin_armor_head":1,"minecraft:stone_bricks":1,"minecraft:golden_sword":31,"minecraft:bow":4,"minecraft:furnace":4,"minecraft:cooked_cod":14,"minecraft:mossy_stone_bricks":1,"minecraft:spruce_door":1,"minecraft:stone_pickaxe":44,"minecraft:gray_carpet":1,"minecraft:oak_planks":34,"bloomingnature:fan_palm_sprout":2,"minecraft:wooden_pickaxe":15,"minecraft:leather_chestplate":1,"minecraft:stripped_mangrove_wood":1,"minecraft:golden_apple":1,"minecraft:light_gray_concrete":5,"minecraft:bread":45,"minecraft:cyan_carpet":2,"minecraft:gravel":6,"minecraft:smithing_table":1,"minecraft:oak_boat":3,"minecraft:coarse_dirt":1,"minecraft:stone_sword":29,"minecraft:flint_and_steel":49,"minecraft:armor_stand":1,"minecraft:stone_shovel":93,"minecraft:redstone":1,"minecraft:spruce_planks":1,"minecraft:cooked_salmon":22,"minecraft:stone_hoe":34,"minecraft:torch":40,"minecraft:dirt":7,"minecraft:dark_oak_planks":1,"minecraft:chipped_anvil":1,"minecraft:iron_axe":150,"minecraft:iron_boots":1,"minecraft:barrel":1,"regions_unexplored:larch_planks":99,"minecraft:cooked_beef":24,"minecraft:iron_leggings":1,"minecraft:calcite":8,"minecraft:cooked_mutton":4,"minecraft:water_bucket":3,"minecraft:baked_potato":5,"regions_unexplored:peat_dirt":4,"regions_unexplored:larch_boat":6,"minecraft:salmon":1,"minecraft:mossy_cobblestone":12,"minecraft:oak_slab":4,"minecraft:tnt":2,"minecraft:crafting_table":11,"minecraft:red_bed":4,"minecraft:white_bed":1,"minecraft:cod":3,"bosses_of_mass_destruction:soul_star":1,"minecraft:cake":1,"minecraft:flower_pot":1,"minecraft:cornflower":1,"minecraft:apple":6,"minecraft:iron_pickaxe":154,"minecraft:stone_axe":114,"travelersbackpack:standard":5,"minecraft:cobblestone":27,"minecraft:stripped_crimson_hyphae":3,"minecraft:porkchop":5,"minecraft:cooked_porkchop":4,"minecraft:bucket":3,"minecraft:pumpkin_pie":1,"minecraft:sea_pickle":12,"minecraft:kelp":1},"minecraft:killed":{"minecraft:witch":1,"minecraft:spider":4,"minecraft:skeleton":29,"minecraft:pig":2,"mcdar:golem_kit_golem":1,"minecraft:creeper":1,"minecraft:sheep":10,"minecraft:pillager":8,"minecraft:zombie":26,"minecraft:cow":17,"minecraft:vindicator":11,"minecraft:husk":8,"minecraft:player":1,"minecraft:villager":2,"minecraft:enderman":1},"minecraft:mined":{"minecraft:dark_oak_planks":5,"minecraft:spruce_planks":3,"regions_unexplored:golden_larch_leaves":2,"minecraft:black_terracotta":1,"minecraft:cobblestone_stairs":1,"minecraft:brewing_stand":1,"regions_unexplored:larch_planks":12,"minecraft:spruce_trapdoor":2,"regions_unexplored:cattail":5,"minecraft:stripped_crimson_hyphae":5,"minecraft:grass_block":6,"minecraft:light_gray_bed":1,"travelersbackpack:iron":1,"minecraft:spawner":4,"minecraft:tall_seagrass":2,"minecraft:brown_stained_glass":5,"minecraft:fire":23,"minecraft:barrel":25,"minecraft:pumpkin":6,"minecraft:iron_bars":2,"minecraft:spruce_pressure_plate":2,"minecraft:light_gray_concrete":5,"minecraft:smooth_sandstone_stairs":2,"minecraft:spruce_wood":20,"minecraft:stripped_mangrove_wood":1,"minecraft:iron_block":1,"minecraft:spruce_slab":2,"minecraft:tripwire":1,"minecraft:red_bed":6,"minecraft:cyan_terracotta":1,"minecraft:smoker":2,"minecraft:soul_fire":9,"minecraft:chiseled_quartz_block":1,"minecraft:torch":4,"minecraft:blast_furnace":3,"regions_unexplored:peat_grass_block":15,"minecraft:calcite":8,"minecraft:chest":4,"minecraft:nether_brick_slab":1,"minecraft:spruce_wall_sign":1,"minecraft:cobblestone":38,"minecraft:sugar_cane":9,"minecraft:oak_planks":29,"minecraft:wall_torch":4,"minecraft:tnt":13,"minecraft:grass":56,"regions_unexplored:peat_dirt":1,"minecraft:sand":65,"minecraft:dirt":4,"travelersbackpack:emerald":1,"minecraft:oak_leaves":6,"minecraft:mossy_cobblestone":14,"minecraft:spruce_fence":2,"minecraft:decorated_pot":1,"minecraft:cartography_table":1,"minecraft:kelp":1,"minecraft:large_fern":12,"minecraft:hay_block":12,"minecraft:furnace":2,"minecraft:stripped_spruce_log":2,"treechop:chopped_log":2,"regions_unexplored:larch_leaves":26,"minecraft:gold_block":4,"minecraft:bookshelf":46,"minecraft:packed_ice":2,"regions_unexplored:medium_grass":14,"minecraft:stone":33,"minecraft:smithing_table":2,"minecraft:oak_slab":2,"minecraft:mangrove_stairs":1,"minecraft:spruce_door":1,"minecraft:dandelion":1,"travelersbackpack:standard":2,"minecraft:crafting_table":5,"minecraft:cornflower":1,"minecraft:campfire":1,"minecraft:stone_slab":9,"minecraft:tall_grass":58,"minecraft:dried_kelp_block":30,"minecraft:coarse_dirt":1,"minecraft:sweet_berry_bush":1,"minecraft:black_wall_banner":1,"minecraft:ice":1,"minecraft:white_wall_banner":1,"minecraft:coal_ore":24,"minecraft:ochre_froglight":26,"minecraft:flower_pot":1,"minecraft:gravel":33,"minecraft:cyan_carpet":2,"minecraft:cobweb":9,"minecraft:stone_bricks":1,"minecraft:orange_wall_banner":1,"minecraft:mossy_stone_bricks":1,"minecraft:chipped_anvil":2},"minecraft:broken":{"minecraft:golden_sword":1,"minecraft:stone_axe":1,"minecraft:golden_chestplate":1,"paladins:iron_claymore":1,"minecraft:iron_axe":1,"mcdar:boots_of_swiftness":1}},"DataVersion":3465}