{"stats":{"minecraft:mined":{"minecraft:dark_oak_planks":5,"regions_unexplored:golden_larch_leaves":2,"minecraft:black_terracotta":1,"minecraft:cobblestone_stairs":1,"minecraft:brewing_stand":1,"regions_unexplored:larch_planks":11,"minecraft:spruce_trapdoor":2,"minecraft:grass_block":4,"minecraft:light_gray_bed":1,"minecraft:spawner":2,"minecraft:tall_seagrass":2,"minecraft:brown_stained_glass":5,"minecraft:barrel":25,"minecraft:pumpkin":6,"minecraft:iron_bars":2,"minecraft:spruce_pressure_plate":2,"minecraft:smooth_sandstone_stairs":2,"minecraft:spruce_wood":20,"minecraft:stripped_mangrove_wood":1,"minecraft:iron_block":1,"minecraft:red_bed":4,"minecraft:cyan_terracotta":1,"minecraft:torch":3,"minecraft:blast_furnace":1,"regions_unexplored:peat_grass_block":15,"minecraft:calcite":8,"minecraft:chest":4,"minecraft:nether_brick_slab":1,"minecraft:spruce_wall_sign":1,"minecraft:cobblestone":33,"minecraft:sugar_cane":9,"minecraft:wall_torch":3,"minecraft:tnt":13,"minecraft:grass":31,"regions_unexplored:peat_dirt":1,"minecraft:sand":65,"minecraft:dirt":3,"minecraft:oak_leaves":3,"minecraft:mossy_cobblestone":12,"minecraft:spruce_fence":2,"minecraft:decorated_pot":1,"minecraft:cartography_table":1,"minecraft:kelp":1,"minecraft:large_fern":10,"minecraft:furnace":2,"minecraft:stripped_spruce_log":2,"treechop:chopped_log":2,"regions_unexplored:larch_leaves":26,"minecraft:gold_block":4,"minecraft:bookshelf":31,"minecraft:packed_ice":2,"regions_unexplored:medium_grass":12,"minecraft:stone":33,"minecraft:smithing_table":2,"minecraft:mangrove_stairs":1,"minecraft:spruce_door":1,"minecraft:dandelion":1,"travelersbackpack:standard":2,"minecraft:crafting_table":5,"minecraft:campfire":1,"minecraft:stone_slab":9,"minecraft:tall_grass":24,"minecraft:dried_kelp_block":30,"minecraft:black_wall_banner":1,"minecraft:ice":1,"minecraft:white_wall_banner":1,"minecraft:coal_ore":24,"minecraft:ochre_froglight":26,"minecraft:flower_pot":1,"minecraft:gravel":33,"minecraft:cyan_carpet":2,"minecraft:cobweb":9,"minecraft:stone_bricks":1,"minecraft:orange_wall_banner":1,"minecraft:chipped_anvil":2},"minecraft:custom":{"minecraft:interact_with_crafting_table":73,"minecraft:open_barrel":127,"minecraft:eat_cake_slice":5,"minecraft:leave_game":13,"minecraft:time_since_death":30513,"minecraft:sprint_one_cm":447778,"minecraft:drop":39,"minecraft:talked_to_villager":6,"minecraft:play_time":211319,"minecraft:deaths":6,"minecraft:jump":2664,"minecraft:walk_on_water_one_cm":28639,"minecraft:interact_with_furnace":47,"minecraft:sleep_in_bed":12,"minecraft:damage_dealt":16672,"minecraft:player_kills":1,"minecraft:crouch_one_cm":9991,"minecraft:interact_with_smithing_table":5,"minecraft:mob_kills":79,"minecraft:interact_with_anvil":1,"minecraft:climb_one_cm":1614,"minecraft:walk_one_cm":484493,"minecraft:sneak_time":4784,"minecraft:walk_under_water_one_cm":13157,"minecraft:boat_one_cm":219127,"minecraft:interact_with_blast_furnace":5,"minecraft:total_world_time":211319,"minecraft:time_since_rest":8847,"minecraft:damage_absorbed":40,"minecraft:damage_taken":5307,"minecraft:swim_one_cm":110228,"minecraft:fly_one_cm":544448,"minecraft:open_chest":127,"minecraft:fall_one_cm":57630},"minecraft:broken":{"minecraft:golden_sword":1,"minecraft:stone_axe":1},"minecraft:dropped":{"minecraft:porkchop":3,"minecraft:stripped_mangrove_wood":2,"regions_unexplored:larch_planks":59,"minecraft:cooked_cod":3,"minecraft:glistering_melon_slice":2,"minecraft:bone":1,"minecraft:sugar_cane":18,"minecraft:wheat":2,"minecraft:obsidian":1,"minecraft:cooked_mutton":8,"travelersbackpack:iron":1,"minecraft:skeleton_skull":1,"minecraft:spruce_pressure_plate":4,"minecraft:chest":1,"mcdar:golem_kit":2,"minecraft:beef":26,"minecraft:stick":2,"minecraft:gray_wool":1,"minecraft:torch":9,"minecraft:cooked_salmon":24,"minecraft:kelp":1,"minecraft:sweet_berries":6,"minecraft:stone_shovel":1,"minecraft:iron_boots":1,"minecraft:blast_furnace":1,"minecraft:howl_pottery_sherd":1,"minecraft:golden_leggings":4},"minecraft:picked_up":{"minecraft:wheat":2,"regions_unexplored:larch_planks":176,"minecraft:flower_pot":1,"minecraft:suspicious_stew":2,"minecraft:smithing_table":2,"minecraft:stone_slab":9,"minecraft:potion":3,"minecraft:brewing_stand":1,"minecraft:string":7,"minecraft:cooked_salmon":48,"minecraft:iron_leggings":1,"minecraft:armor_stand":1,"minecraft:sea_pickle":12,"regions_unexplored:larch_log":67,"minecraft:calcite":8,"minecraft:iron_pickaxe":1,"minecraft:furnace":3,"minecraft:iron_boots":1,"minecraft:spruce_pressure_plate":10,"minecraft:stick":14,"minecraft:torch":15,"minecraft:porkchop":9,"minecraft:dried_kelp":30,"minecraft:mangrove_stairs":1,"minecraft:light_gray_bed":1,"minecraft:rotten_flesh":35,"minecraft:cyan_terracotta":1,"minecraft:iron_block":1,"minecraft:obsidian":1,"minecraft:iron_bars":2,"minecraft:cod":1,"regions_unexplored:golden_larch_sapling":14,"minecraft:cobblestone":67,"minecraft:leather_chestplate":3,"minecraft:cooked_beef":2,"minecraft:water_bucket":3,"minecraft:golden_leggings":4,"minecraft:potato":10,"paraglider:spirit_orb":5,"minecraft:flint":3,"minecraft:smooth_sandstone_stairs":2,"mcdw:glaive_cackling_broom":1,"minecraft:dirt":7,"minecraft:bone":19,"minecraft:leather_boots":1,"mcdar:boots_of_swiftness":2,"minecraft:glass":10,"minecraft:chipped_anvil":2,"minecraft:wheat_seeds":24,"minecraft:bamboo":2,"minecraft:moss_block":1,"minecraft:stone_hoe":1,"minecraft:black_terracotta":1,"minecraft:sand":69,"minecraft:stripped_spruce_log":2,"minecraft:barrel":30,"minecraft:mossy_cobblestone":10,"galosphere:silver_nugget":2,"minecraft:sugar":5,"minecraft:golden_apple":1,"minecraft:spruce_sign":3,"minecraft:bread":13,"minecraft:emerald":4,"minecraft:oak_sapling":5,"minecraft:cocoa_beans":64,"minecraft:crafting_table":5,"minecraft:chicken":1,"minecraft:leather_leggings":1,"minecraft:wooden_pickaxe":1,"minecraft:gold_block":4,"minecraft:orange_banner":1,"minecraft:brick":3,"minecraft:red_bed":4,"minecraft:iron_axe":1,"minecraft:flint_and_steel":1,"minecraft:cyan_carpet":2,"minecraft:cartography_table":1,"minecraft:beef":88,"mcdar:golem_kit":2,"minecraft:sugar_cane":38,"minecraft:chest":9,"minecraft:spruce_trapdoor":2,"minecraft:stripped_mangrove_wood":3,"minecraft:spruce_fence":2,"minecraft:cake":1,"minecraft:stone_button":1,"minecraft:carrot":4,"minecraft:dark_oak_planks":1,"minecraft:howl_pottery_sherd":1,"minecraft:tnt":14,"minecraft:arrow":17,"mythic_charms:experience_nugget":53,"minecraft:stone_shovel":1,"minecraft:cooked_cod":4,"minecraft:pumpkin_pie":6,"minecraft:black_banner":1,"minecraft:glistering_melon_slice":4,"minecraft:gold_ingot":24,"minecraft:mutton":17,"minecraft:skeleton_skull":2,"minecraft:white_wool":12,"regions_unexplored:peat_dirt":37,"minecraft:leather":33,"minecraft:ochre_froglight":26,"minecraft:cobblestone_stairs":1,"minecraft:white_banner":1,"minecraft:cooked_mutton":5,"minecraft:coast_armor_trim_smithing_template":2,"minecraft:gray_carpet":1,"minecraft:apple":9,"minecraft:stone_bricks":1,"minecraft:kelp":2,"minecraft:spruce_wood":19,"minecraft:iron_ingot":13,"regions_unexplored:larch_sapling":11,"minecraft:glass_bottle":11,"travelersbackpack:blank_upgrade":2,"minecraft:book":93,"paladins:iron_claymore":1,"minecraft:pumpkin":6,"minecraft:sweet_berries":12,"minecraft:gravel":56,"minecraft:blast_furnace":2,"minecraft:spruce_door":1,"minecraft:spider_eye":2,"minecraft:leather_helmet":1,"travelersbackpack:standard":2,"minecraft:dried_kelp_block":30,"minecraft:stone_axe":1,"minecraft:painting":1,"minecraft:gray_wool":3,"regions_unexplored:larch_boat":5,"minecraft:coal":94},"minecraft:killed_by":{"minecraft:creeper":1,"minecraft:zombie":2,"mcdar:golem_kit_golem":2,"minecraft:skeleton":1},"minecraft:used":{"minecraft:moss_block":1,"minecraft:chest":5,"mcdar:golem_kit":2,"minecraft:rotten_flesh":1,"mcdw:glaive_cackling_broom":3,"travelersbackpack:emerald":1,"minecraft:mangrove_stairs":1,"paladins:iron_claymore":236,"minecraft:stone_bricks":1,"paladins:paladin_armor_head":1,"minecraft:golden_sword":31,"minecraft:furnace":4,"minecraft:cooked_cod":14,"minecraft:spruce_door":1,"minecraft:gray_carpet":1,"minecraft:stone_pickaxe":44,"minecraft:leather_chestplate":1,"minecraft:wooden_pickaxe":15,"minecraft:golden_apple":1,"minecraft:stripped_mangrove_wood":1,"minecraft:bread":26,"minecraft:cyan_carpet":2,"minecraft:gravel":6,"minecraft:smithing_table":1,"minecraft:stone_sword":29,"minecraft:armor_stand":1,"minecraft:stone_shovel":93,"minecraft:cooked_salmon":21,"minecraft:stone_hoe":18,"minecraft:torch":30,"minecraft:dirt":7,"minecraft:dark_oak_planks":1,"minecraft:chipped_anvil":1,"minecraft:iron_axe":52,"minecraft:iron_boots":1,"minecraft:barrel":1,"regions_unexplored:larch_planks":91,"minecraft:iron_leggings":1,"minecraft:calcite":8,"minecraft:cooked_mutton":4,"minecraft:water_bucket":3,"minecraft:baked_potato":1,"regions_unexplored:peat_dirt":4,"regions_unexplored:larch_boat":6,"minecraft:crafting_table":10,"minecraft:red_bed":4,"minecraft:white_bed":1,"minecraft:cake":1,"minecraft:flower_pot":1,"minecraft:apple":4,"minecraft:iron_pickaxe":126,"minecraft:stone_axe":114,"minecraft:cobblestone":21,"travelersbackpack:standard":5,"minecraft:bucket":3,"minecraft:pumpkin_pie":1,"minecraft:sea_pickle":12,"minecraft:kelp":1},"minecraft:killed":{"minecraft:witch":1,"minecraft:spider":2,"minecraft:skeleton":19,"minecraft:pig":2,"mcdar:golem_kit_golem":1,"minecraft:sheep":9,"minecraft:pillager":1,"minecraft:zombie":13,"minecraft:cow":17,"minecraft:vindicator":2,"minecraft:husk":8,"minecraft:player":1,"minecraft:villager":1,"minecraft:enderman":1},"minecraft:crafted":{"travelersbackpack:iron":1,"travelersbackpack:crafting_upgrade":1,"regions_unexplored:larch_planks":260,"minecraft:cooked_mutton":9,"minecraft:glass":63,"minecraft:iron_boots":1,"minecraft:chest":7,"minecraft:stone_hoe":1,"regions_unexplored:larch_boat":2,"travelersbackpack:iron_tier_upgrade":1,"minecraft:crafting_table":6,"minecraft:wooden_pickaxe":1,"travelersbackpack:standard":2,"minecraft:smithing_table":1,"travelersbackpack:emerald":4,"minecraft:iron_chestplate":1,"minecraft:stick":16,"minecraft:iron_pickaxe":1,"minecraft:iron_ingot":9,"minecraft:stone_sword":1,"minecraft:gold_ingot":27,"minecraft:stone_shovel":2,"minecraft:furnace":2,"minecraft:white_carpet":3,"travelersbackpack:blank_upgrade":4,"travelersbackpack:gold_tier_upgrade":1,"travelersbackpack:white_sleeping_bag":2,"minecraft:iron_axe":1,"minecraft:stone_pickaxe":1,"minecraft:cooked_beef":18,"minecraft:cooked_cod":14,"travelersbackpack:backpack_tank":8,"minecraft:cooked_salmon":27,"minecraft:stone_axe":1,"minecraft:bread":1,"minecraft:air":0,"minecraft:white_bed":1,"minecraft:torch":24}},"DataVersion":3465}