{
  "minecraft:recipes/decorations/crafting_table": {
    "criteria": {
      "unlock_right_away": "2024-06-15 05:53:22 +0000"
    },
    "done": true
  },
  "minecraft:adventure/adventuring_time": {
    "criteria": {
      "minecraft:snowy_slopes": "2024-06-15 22:14:24 +0000",
      "minecraft:taiga": "2024-06-15 23:09:31 +0000",
      "minecraft:frozen_river": "2024-06-15 23:10:59 +0000",
      "minecraft:beach": "2024-06-15 22:29:56 +0000",
      "minecraft:river": "2024-06-15 22:30:42 +0000",
      "minecraft:stony_shore": "2024-06-15 22:15:35 +0000",
      "minecraft:cold_ocean": "2024-06-15 22:24:54 +0000",
      "minecraft:frozen_ocean": "2024-06-15 23:13:34 +0000",
      "minecraft:old_growth_spruce_taiga": "2024-06-15 22:46:30 +0000",
      "minecraft:snowy_beach": "2024-06-15 23:13:31 +0000",
      "minecraft:frozen_peaks": "2024-06-15 23:42:58 +0000",
      "minecraft:plains": "2024-06-15 05:53:24 +0000"
    },
    "done": false
  },
  "stellarity:cursed_tome/root": {
    "criteria": {
      "requirement": "2024-06-15 06:06:27 +0000"
    },
    "done": true
  },
  "repurposed_structures:root": {
    "criteria": {
      "always": "2024-06-15 06:06:27 +0000"
    },
    "done": true
  },
  "adorabuild_structures:overworld_structures": {
    "criteria": {
      "always": "2024-06-15 06:06:27 +0000"
    },
    "done": true
  },
  "incendium:technical/new_player": {
    "criteria": {
      "requirement": "2024-06-15 06:06:27 +0000"
    },
    "done": true
  },
  "stellarity:dragons_den/cursed_tome/root": {
    "criteria": {
      "requirement": "2024-06-15 06:06:27 +0000"
    },
    "done": true
  },
  "dungeons_arise:wda_root": {
    "criteria": {
      "WDA": "2024-06-15 06:06:27 +0000"
    },
    "done": true
  },
  "rpg_classes:root": {
    "criteria": {
      "always": "2024-06-15 06:06:27 +0000"
    },
    "done": true
  },
  "incendium:technical/using/shield": {
    "criteria": {
      "log_spam_fixer": "2024-06-15 06:06:29 +0000"
    },
    "done": false
  },
  "regions_unexplored:parent": {
    "criteria": {
      "load_in_world": "2024-06-15 06:06:29 +0000"
    },
    "done": true
  },
  "incendium:technical/scroll_of_returning": {
    "criteria": {
      "log_spam_fixer": "2024-06-15 06:06:29 +0000"
    },
    "done": false
  },
  "incendium:technical/using/ragnarok": {
    "criteria": {
      "log_spam_fixer": "2024-06-15 06:06:29 +0000"
    },
    "done": false
  },
  "regions_unexplored:regions_explored": {
    "criteria": {
      "muddy_river": "2024-06-15 22:32:43 +0000",
      "frozen_pine_taiga": "2024-06-15 23:13:03 +0000",
      "maple_forest": "2024-06-15 23:43:31 +0000",
      "boreal_forest": "2024-06-15 06:06:29 +0000",
      "cold_boreal_taiga": "2024-06-15 23:10:56 +0000",
      "gravel_beach": "2024-06-15 22:26:58 +0000",
      "golden_boreal_taiga": "2024-06-15 22:27:00 +0000"
    },
    "done": false
  },
  "regions_unexplored:pioneer": {
    "criteria": {
      "muddy_river": "2024-06-15 22:32:43 +0000",
      "frozen_pine_taiga": "2024-06-15 23:13:03 +0000",
      "maple_forest": "2024-06-15 23:43:31 +0000",
      "boreal_forest": "2024-06-15 06:06:29 +0000",
      "cold_boreal_taiga": "2024-06-15 23:10:56 +0000",
      "gravel_beach": "2024-06-15 22:26:58 +0000",
      "golden_boreal_taiga": "2024-06-15 22:27:00 +0000"
    },
    "done": false
  },
  "incendium:technical/using/trailblazer": {
    "criteria": {
      "log_spam_fixer": "2024-06-15 06:06:29 +0000"
    },
    "done": false
  },
  "minecraft:adventure/kill_all_mobs": {
    "criteria": {
      "minecraft:skeleton": "2024-06-15 22:29:28 +0000",
      "minecraft:spider": "2024-06-17 04:42:07 +0000",
      "minecraft:husk": "2024-06-17 05:08:16 +0000",
      "minecraft:enderman": "2024-06-17 04:57:53 +0000",
      "minecraft:zombie": "2024-06-15 22:11:53 +0000",
      "minecraft:drowned": "2024-06-15 23:26:04 +0000"
    },
    "done": false
  },
  "minecraft:adventure/root": {
    "criteria": {
      "killed_something": "2024-06-15 22:11:53 +0000"
    },
    "done": true
  },
  "minecraft:adventure/kill_a_mob": {
    "criteria": {
      "minecraft:zombie": "2024-06-15 22:11:53 +0000"
    },
    "done": true
  },
  "mcdw:recipes/double_axes/double_axe_cursed": {
    "criteria": {
      "has_rotten_flesh": "2024-06-15 22:11:54 +0000"
    },
    "done": true
  },
  "mcda:recipes/crafting_items/glut_charm": {
    "criteria": {
      "has_rotten_flesh": "2024-06-15 22:11:54 +0000"
    },
    "done": true
  },
  "stellarity:events/on_death": {
    "criteria": {
      "requirement": "2024-06-15 22:12:59 +0000"
    },
    "done": true
  },
  "mythic_charms:recipes/experience_bottle": {
    "criteria": {
      "has_deepslate_fragment": "2024-06-15 22:13:14 +0000"
    },
    "done": true
  },
  "regions_unexplored:recipes/building_blocks/larch_wood": {
    "criteria": {
      "has_log": "2024-06-15 22:16:40 +0000"
    },
    "done": true
  },
  "minecraft:recipes/misc/charcoal": {
    "criteria": {
      "has_log": "2024-06-15 22:16:40 +0000"
    },
    "done": true
  },
  "regions_unexplored:recipes/decorations/larch_branch_from_larch_log": {
    "criteria": {
      "has_log": "2024-06-15 22:16:40 +0000"
    },
    "done": true
  },
  "regions_unexplored:got_wood": {
    "criteria": {
      "larch_log": "2024-06-15 22:16:40 +0000"
    },
    "done": false
  },
  "immersive_armors:recipes/misc/wooden": {
    "criteria": {
      "has_item": "2024-06-15 22:16:40 +0000"
    },
    "done": true
  },
  "regions_unexplored:recipes/building_blocks/larch_planks": {
    "criteria": {
      "has_logs": "2024-06-15 22:16:40 +0000"
    },
    "done": true
  },
  "regions_unexplored:recipes/building_blocks/lime_painted_planks": {
    "criteria": {
      "has_planks": "2024-06-15 22:16:54 +0000"
    },
    "done": true
  },
  "regions_unexplored:recipes/building_blocks/brown_painted_planks": {
    "criteria": {
      "has_planks": "2024-06-15 22:16:54 +0000"
    },
    "done": true
  },
  "minecraft:recipes/misc/stick": {
    "criteria": {
      "has_planks": "2024-06-15 22:16:54 +0000"
    },
    "done": true
  },
  "regions_unexplored:recipes/building_blocks/larch_slab": {
    "criteria": {
      "has_larch_planks": "2024-06-15 22:16:54 +0000"
    },
    "done": true
  },
  "regions_unexplored:recipes/building_blocks/black_painted_planks": {
    "criteria": {
      "has_planks": "2024-06-15 22:16:54 +0000"
    },
    "done": true
  },
  "regions_unexplored:recipes/redstone/larch_trapdoor": {
    "criteria": {
      "has_larch_planks": "2024-06-15 22:16:54 +0000"
    },
    "done": true
  },
  "regions_unexplored:recipes/building_blocks/cyan_painted_planks": {
    "criteria": {
      "has_planks": "2024-06-15 22:16:54 +0000"
    },
    "done": true
  },
  "regions_unexplored:recipes/redstone/larch_fence_gate": {
    "criteria": {
      "has_larch_planks": "2024-06-15 22:16:54 +0000"
    },
    "done": true
  },
  "regions_unexplored:recipes/redstone/larch_door": {
    "criteria": {
      "has_larch_planks": "2024-06-15 22:16:54 +0000"
    },
    "done": true
  },
  "regions_unexplored:recipes/building_blocks/blue_painted_planks": {
    "criteria": {
      "has_planks": "2024-06-15 22:16:54 +0000"
    },
    "done": true
  },
  "regions_unexplored:recipes/redstone/larch_pressure_plate": {
    "criteria": {
      "has_larch_planks": "2024-06-15 22:16:54 +0000"
    },
    "done": true
  },
  "regions_unexplored:recipes/decorations/larch_fence": {
    "criteria": {
      "has_larch_planks": "2024-06-15 22:16:54 +0000"
    },
    "done": true
  },
  "minecraft:recipes/decorations/barrel": {
    "criteria": {
      "has_planks": "2024-06-15 22:16:54 +0000"
    },
    "done": true
  },
  "regions_unexplored:recipes/building_blocks/orange_painted_planks": {
    "criteria": {
      "has_planks": "2024-06-15 22:16:54 +0000"
    },
    "done": true
  },
  "regions_unexplored:recipes/building_blocks/larch_stairs": {
    "criteria": {
      "has_larch_planks": "2024-06-15 22:16:54 +0000"
    },
    "done": true
  },
  "regions_unexplored:recipes/building_blocks/gray_painted_planks": {
    "criteria": {
      "has_planks": "2024-06-15 22:16:54 +0000"
    },
    "done": true
  },
  "regions_unexplored:recipes/building_blocks/red_painted_planks": {
    "criteria": {
      "has_planks": "2024-06-15 22:16:54 +0000"
    },
    "done": true
  },
  "mcdw:recipes/shields/shield_vanguard": {
    "criteria": {
      "has_planks": "2024-06-15 22:16:54 +0000"
    },
    "done": true
  },
  "regions_unexplored:recipes/building_blocks/green_painted_planks": {
    "criteria": {
      "has_planks": "2024-06-15 22:16:54 +0000"
    },
    "done": true
  },
  "regions_unexplored:recipes/building_blocks/white_painted_planks": {
    "criteria": {
      "has_planks": "2024-06-15 22:16:54 +0000"
    },
    "done": true
  },
  "regions_unexplored:recipes/building_blocks/light_gray_painted_planks": {
    "criteria": {
      "has_planks": "2024-06-15 22:16:54 +0000"
    },
    "done": true
  },
  "regions_unexplored:recipes/building_blocks/light_blue_painted_planks": {
    "criteria": {
      "has_planks": "2024-06-15 22:16:54 +0000"
    },
    "done": true
  },
  "regions_unexplored:recipes/building_blocks/yellow_painted_planks": {
    "criteria": {
      "has_planks": "2024-06-15 22:16:54 +0000"
    },
    "done": true
  },
  "regions_unexplored:recipes/building_blocks/purple_painted_planks": {
    "criteria": {
      "has_planks": "2024-06-15 22:16:54 +0000"
    },
    "done": true
  },
  "regions_unexplored:recipes/decorations/larch_sign": {
    "criteria": {
      "has_larch_planks": "2024-06-15 22:16:54 +0000"
    },
    "done": true
  },
  "regions_unexplored:recipes/building_blocks/pink_painted_planks": {
    "criteria": {
      "has_planks": "2024-06-15 22:16:54 +0000"
    },
    "done": true
  },
  "regions_unexplored:recipes/redstone/larch_button": {
    "criteria": {
      "has_larch_planks": "2024-06-15 22:16:54 +0000"
    },
    "done": true
  },
  "regions_unexplored:recipes/building_blocks/magenta_painted_planks": {
    "criteria": {
      "has_planks": "2024-06-15 22:16:54 +0000"
    },
    "done": true
  },
  "mcdw:recipes/crossbows/crossbow_harpoon_crossbow": {
    "criteria": {
      "has_planks": "2024-06-15 22:16:54 +0000"
    },
    "done": true
  },
  "minecraft:recipes/decorations/ladder": {
    "criteria": {
      "has_stick": "2024-06-15 22:17:26 +0000"
    },
    "done": true
  },
  "mcda:recipes/crafting_items/fabric_bolt_light_blue": {
    "criteria": {
      "has_stick": "2024-06-15 22:17:26 +0000"
    },
    "done": true
  },
  "mcda:recipes/crafting_items/fabric_bolt_yellow": {
    "criteria": {
      "has_stick": "2024-06-15 22:17:26 +0000"
    },
    "done": true
  },
  "mcda:recipes/crafting_items/fabric_bolt_brown": {
    "criteria": {
      "has_stick": "2024-06-15 22:17:26 +0000"
    },
    "done": true
  },
  "minecraft:recipes/tools/wooden_axe": {
    "criteria": {
      "has_stick": "2024-06-15 22:17:26 +0000"
    },
    "done": true
  },
  "regions_unexplored:recipes/decorations/golden_larch_shrub": {
    "criteria": {
      "has_golden_larch_sapling": "2024-06-15 22:17:26 +0000"
    },
    "done": true
  },
  "mcda:recipes/crafting_items/fabric_bolt_blue": {
    "criteria": {
      "has_stick": "2024-06-15 22:17:26 +0000"
    },
    "done": true
  },
  "mcda:recipes/crafting_items/fabric_bolt_lime": {
    "criteria": {
      "has_stick": "2024-06-15 22:17:26 +0000"
    },
    "done": true
  },
  "minecraft:recipes/decorations/campfire": {
    "criteria": {
      "has_stick": "2024-06-15 22:17:26 +0000"
    },
    "done": true
  },
  "minecraft:recipes/tools/wooden_hoe": {
    "criteria": {
      "has_stick": "2024-06-15 22:17:26 +0000"
    },
    "done": true
  },
  "minecraft:recipes/tools/wooden_shovel": {
    "criteria": {
      "has_stick": "2024-06-15 22:17:26 +0000"
    },
    "done": true
  },
  "paraglider:recipes/misc/paraglider": {
    "criteria": {
      "has_stick": "2024-06-15 22:17:26 +0000"
    },
    "done": true
  },
  "minecraft:recipes/combat/wooden_sword": {
    "criteria": {
      "has_stick": "2024-06-15 22:17:26 +0000"
    },
    "done": true
  },
  "mcda:recipes/crafting_items/fabric_bolt_gray": {
    "criteria": {
      "has_stick": "2024-06-15 22:17:26 +0000"
    },
    "done": true
  },
  "mcda:recipes/crafting_items/fabric_bolt_red": {
    "criteria": {
      "has_stick": "2024-06-15 22:17:26 +0000"
    },
    "done": true
  },
  "mcda:recipes/crafting_items/fabric_bolt_purple": {
    "criteria": {
      "has_stick": "2024-06-15 22:17:26 +0000"
    },
    "done": true
  },
  "mcda:recipes/crafting_items/fabric_bolt_orange": {
    "criteria": {
      "has_stick": "2024-06-15 22:17:26 +0000"
    },
    "done": true
  },
  "mcda:recipes/upgrade_cores/upgrade_core_verdant": {
    "criteria": {
      "has_core_specification_item": "2024-06-15 22:17:26 +0000"
    },
    "done": true
  },
  "mcda:recipes/crafting_items/fabric_bolt_magenta": {
    "criteria": {
      "has_stick": "2024-06-15 22:17:26 +0000"
    },
    "done": true
  },
  "mcda:recipes/crafting_items/fabric_bolt_green": {
    "criteria": {
      "has_stick": "2024-06-15 22:17:26 +0000"
    },
    "done": true
  },
  "mcda:recipes/crafting_items/fabric_bolt_black": {
    "criteria": {
      "has_stick": "2024-06-15 22:17:26 +0000"
    },
    "done": true
  },
  "mcda:recipes/crafting_items/fabric_bolt_cyan": {
    "criteria": {
      "has_stick": "2024-06-15 22:17:26 +0000"
    },
    "done": true
  },
  "mcda:recipes/crafting_items/fabric_bolt_white": {
    "criteria": {
      "has_stick": "2024-06-15 22:17:26 +0000"
    },
    "done": true
  },
  "mcda:recipes/crafting_items/fabric_bolt_pink": {
    "criteria": {
      "has_stick": "2024-06-15 22:17:26 +0000"
    },
    "done": true
  },
  "minecraft:recipes/tools/wooden_pickaxe": {
    "criteria": {
      "has_stick": "2024-06-15 22:17:26 +0000"
    },
    "done": true
  },
  "mcda:recipes/crafting_items/fabric_bolt_light_gray": {
    "criteria": {
      "has_stick": "2024-06-15 22:17:26 +0000"
    },
    "done": true
  },
  "paraglider:root": {
    "criteria": {
      "crafting_table": "2024-06-15 22:17:53 +0000"
    },
    "done": true
  },
  "travelersbackpack:recipes/misc/crafting_upgrade": {
    "criteria": {
      "has_crafting_table": "2024-06-15 22:17:53 +0000"
    },
    "done": true
  },
  "soulsweapons:root": {
    "criteria": {
      "crafting_table": "2024-06-15 22:17:53 +0000"
    },
    "done": true
  },
  "aquamirae:adventure/root": {
    "criteria": {
      "crafting_table": "2024-06-15 22:17:53 +0000"
    },
    "done": true
  },
  "minecraft:story/root": {
    "criteria": {
      "crafting_table": "2024-06-15 22:17:53 +0000"
    },
    "done": true
  },
  "minecraft:story/mine_stone": {
    "criteria": {
      "get_stone": "2024-06-15 22:19:49 +0000"
    },
    "done": true
  },
  "minecraft:recipes/decorations/furnace": {
    "criteria": {
      "has_cobblestone": "2024-06-15 22:19:49 +0000"
    },
    "done": true
  },
  "minecraft:recipes/decorations/chest": {
    "criteria": {
      "has_lots_of_items": "2024-06-15 22:19:49 +0000"
    },
    "done": true
  },
  "minecraft:recipes/building_blocks/cobblestone_slab_from_cobblestone_stonecutting": {
    "criteria": {
      "has_cobblestone": "2024-06-15 22:19:49 +0000"
    },
    "done": true
  },
  "minecraft:recipes/building_blocks/stone": {
    "criteria": {
      "has_cobblestone": "2024-06-15 22:19:49 +0000"
    },
    "done": true
  },
  "minecraft:recipes/tools/stone_pickaxe": {
    "criteria": {
      "has_cobblestone": "2024-06-15 22:19:49 +0000"
    },
    "done": true
  },
  "minecraft:recipes/building_blocks/cobblestone_slab": {
    "criteria": {
      "has_cobblestone": "2024-06-15 22:19:49 +0000"
    },
    "done": true
  },
  "minecraft:recipes/decorations/cobblestone_wall_from_cobblestone_stonecutting": {
    "criteria": {
      "has_cobblestone": "2024-06-15 22:19:49 +0000"
    },
    "done": true
  },
  "minecraft:recipes/building_blocks/cobblestone_stairs": {
    "criteria": {
      "has_cobblestone": "2024-06-15 22:19:49 +0000"
    },
    "done": true
  },
  "minecraft:recipes/tools/stone_shovel": {
    "criteria": {
      "has_cobblestone": "2024-06-15 22:19:49 +0000"
    },
    "done": true
  },
  "minecraft:recipes/redstone/lever": {
    "criteria": {
      "has_cobblestone": "2024-06-15 22:19:49 +0000"
    },
    "done": true
  },
  "minecraft:recipes/combat/stone_sword": {
    "criteria": {
      "has_cobblestone": "2024-06-15 22:19:49 +0000"
    },
    "done": true
  },
  "minecraft:recipes/decorations/cobblestone_wall": {
    "criteria": {
      "has_cobblestone": "2024-06-15 22:19:49 +0000"
    },
    "done": true
  },
  "minecraft:recipes/tools/stone_axe": {
    "criteria": {
      "has_cobblestone": "2024-06-15 22:19:49 +0000"
    },
    "done": true
  },
  "forgottengraves:recipes/grave": {
    "criteria": {
      "has_cobblestone": "2024-06-15 22:19:49 +0000"
    },
    "done": true
  },
  "minecraft:recipes/building_blocks/cobblestone_stairs_from_cobblestone_stonecutting": {
    "criteria": {
      "has_cobblestone": "2024-06-15 22:19:49 +0000"
    },
    "done": true
  },
  "minecraft:recipes/tools/stone_hoe": {
    "criteria": {
      "has_cobblestone": "2024-06-15 22:19:49 +0000"
    },
    "done": true
  },
  "minecraft:recipes/decorations/torch": {
    "criteria": {
      "has_stone_pickaxe": "2024-06-15 22:21:49 +0000"
    },
    "done": true
  },
  "minecraft:story/upgrade_tools": {
    "criteria": {
      "stone_pickaxe": "2024-06-15 22:21:49 +0000"
    },
    "done": true
  },
  "minecraft:recipes/building_blocks/red_concrete_powder": {
    "criteria": {
      "has_gravel": "2024-06-15 22:22:10 +0000"
    },
    "done": true
  },
  "minecraft:recipes/building_blocks/green_concrete_powder": {
    "criteria": {
      "has_gravel": "2024-06-15 22:22:10 +0000"
    },
    "done": true
  },
  "minecraft:recipes/building_blocks/blue_concrete_powder": {
    "criteria": {
      "has_gravel": "2024-06-15 22:22:10 +0000"
    },
    "done": true
  },
  "regions_unexplored:recipes/building_blocks/peat_coarse_dirt": {
    "criteria": {
      "has_gravel": "2024-06-15 22:22:10 +0000"
    },
    "done": true
  },
  "minecraft:recipes/building_blocks/lime_concrete_powder": {
    "criteria": {
      "has_gravel": "2024-06-15 22:22:10 +0000"
    },
    "done": true
  },
  "minecraft:recipes/building_blocks/orange_concrete_powder": {
    "criteria": {
      "has_gravel": "2024-06-15 22:22:10 +0000"
    },
    "done": true
  },
  "minecraft:recipes/building_blocks/magenta_concrete_powder": {
    "criteria": {
      "has_gravel": "2024-06-15 22:22:10 +0000"
    },
    "done": true
  },
  "minecraft:recipes/building_blocks/black_concrete_powder": {
    "criteria": {
      "has_gravel": "2024-06-15 22:22:10 +0000"
    },
    "done": true
  },
  "minecraft:recipes/building_blocks/purple_concrete_powder": {
    "criteria": {
      "has_gravel": "2024-06-15 22:22:10 +0000"
    },
    "done": true
  },
  "minecraft:recipes/building_blocks/cyan_concrete_powder": {
    "criteria": {
      "has_gravel": "2024-06-15 22:22:10 +0000"
    },
    "done": true
  },
  "minecraft:recipes/building_blocks/coarse_dirt": {
    "criteria": {
      "has_gravel": "2024-06-15 22:22:10 +0000"
    },
    "done": true
  },
  "minecraft:recipes/building_blocks/light_gray_concrete_powder": {
    "criteria": {
      "has_gravel": "2024-06-15 22:22:10 +0000"
    },
    "done": true
  },
  "travelersbackpack:recipes/misc/coal": {
    "criteria": {
      "has_coal": "2024-06-15 22:22:10 +0000"
    },
    "done": true
  },
  "minecraft:recipes/building_blocks/pink_concrete_powder": {
    "criteria": {
      "has_gravel": "2024-06-15 22:22:10 +0000"
    },
    "done": true
  },
  "minecraft:recipes/building_blocks/brown_concrete_powder": {
    "criteria": {
      "has_gravel": "2024-06-15 22:22:10 +0000"
    },
    "done": true
  },
  "minecraft:recipes/building_blocks/light_blue_concrete_powder": {
    "criteria": {
      "has_gravel": "2024-06-15 22:22:10 +0000"
    },
    "done": true
  },
  "minecraft:recipes/building_blocks/white_concrete_powder": {
    "criteria": {
      "has_gravel": "2024-06-15 22:22:10 +0000"
    },
    "done": true
  },
  "regions_unexplored:recipes/building_blocks/silt_coarse_dirt": {
    "criteria": {
      "has_gravel": "2024-06-15 22:22:10 +0000"
    },
    "done": true
  },
  "minecraft:recipes/building_blocks/coal_block": {
    "criteria": {
      "has_coal": "2024-06-15 22:22:10 +0000"
    },
    "done": true
  },
  "minecraft:recipes/building_blocks/yellow_concrete_powder": {
    "criteria": {
      "has_gravel": "2024-06-15 22:22:10 +0000"
    },
    "done": true
  },
  "minecraft:recipes/building_blocks/gray_concrete_powder": {
    "criteria": {
      "has_gravel": "2024-06-15 22:22:10 +0000"
    },
    "done": true
  },
  "regions_unexplored:recipes/decorations/larch_shrub": {
    "criteria": {
      "has_larch_sapling": "2024-06-15 22:23:21 +0000"
    },
    "done": true
  },
  "regions_unexplored:recipes/transportation/mauve_chest_boat": {
    "criteria": {
      "has_boat": "2024-06-15 22:25:02 +0000"
    },
    "done": true
  },
  "regions_unexplored:recipes/transportation/baobab_chest_boat": {
    "criteria": {
      "has_boat": "2024-06-15 22:25:02 +0000"
    },
    "done": true
  },
  "regions_unexplored:recipes/transportation/blackwood_chest_boat": {
    "criteria": {
      "has_boat": "2024-06-15 22:25:02 +0000"
    },
    "done": true
  },
  "regions_unexplored:recipes/transportation/larch_chest_boat": {
    "criteria": {
      "has_boat": "2024-06-15 22:25:02 +0000"
    },
    "done": true
  },
  "minecraft:recipes/transportation/spruce_chest_boat": {
    "criteria": {
      "has_boat": "2024-06-15 22:25:02 +0000"
    },
    "done": true
  },
  "minecraft:recipes/transportation/jungle_chest_boat": {
    "criteria": {
      "has_boat": "2024-06-15 22:25:02 +0000"
    },
    "done": true
  },
  "minecraft:recipes/transportation/mangrove_chest_boat": {
    "criteria": {
      "has_boat": "2024-06-15 22:25:02 +0000"
    },
    "done": true
  },
  "minecraft:recipes/transportation/oak_chest_boat": {
    "criteria": {
      "has_boat": "2024-06-15 22:25:02 +0000"
    },
    "done": true
  },
  "minecraft:recipes/transportation/bamboo_chest_raft": {
    "criteria": {
      "has_boat": "2024-06-15 22:25:02 +0000"
    },
    "done": true
  },
  "regions_unexplored:recipes/transportation/larch_boat": {
    "criteria": {
      "has_the_recipe": "2024-06-15 22:25:02 +0000"
    },
    "done": true
  },
  "regions_unexplored:recipes/transportation/willow_chest_boat": {
    "criteria": {
      "has_boat": "2024-06-15 22:25:02 +0000"
    },
    "done": true
  },
  "regions_unexplored:recipes/transportation/redwood_chest_boat": {
    "criteria": {
      "has_boat": "2024-06-15 22:25:02 +0000"
    },
    "done": true
  },
  "regions_unexplored:recipes/transportation/kapok_chest_boat": {
    "criteria": {
      "has_boat": "2024-06-15 22:25:02 +0000"
    },
    "done": true
  },
  "regions_unexplored:recipes/transportation/magnolia_chest_boat": {
    "criteria": {
      "has_boat": "2024-06-15 22:25:02 +0000"
    },
    "done": true
  },
  "regions_unexplored:recipes/transportation/socotra_chest_boat": {
    "criteria": {
      "has_boat": "2024-06-15 22:25:02 +0000"
    },
    "done": true
  },
  "regions_unexplored:recipes/transportation/pine_chest_boat": {
    "criteria": {
      "has_boat": "2024-06-15 22:25:02 +0000"
    },
    "done": true
  },
  "regions_unexplored:recipes/transportation/palm_chest_boat": {
    "criteria": {
      "has_boat": "2024-06-15 22:25:02 +0000"
    },
    "done": true
  },
  "minecraft:recipes/transportation/acacia_chest_boat": {
    "criteria": {
      "has_boat": "2024-06-15 22:25:02 +0000"
    },
    "done": true
  },
  "regions_unexplored:recipes/transportation/eucalyptus_chest_boat": {
    "criteria": {
      "has_boat": "2024-06-15 22:25:02 +0000"
    },
    "done": true
  },
  "minecraft:recipes/transportation/cherry_chest_boat": {
    "criteria": {
      "has_boat": "2024-06-15 22:25:02 +0000"
    },
    "done": true
  },
  "minecraft:recipes/transportation/birch_chest_boat": {
    "criteria": {
      "has_boat": "2024-06-15 22:25:02 +0000"
    },
    "done": true
  },
  "regions_unexplored:recipes/transportation/joshua_chest_boat": {
    "criteria": {
      "has_boat": "2024-06-15 22:25:02 +0000"
    },
    "done": true
  },
  "minecraft:recipes/transportation/dark_oak_chest_boat": {
    "criteria": {
      "has_boat": "2024-06-15 22:25:02 +0000"
    },
    "done": true
  },
  "regions_unexplored:recipes/transportation/cypress_chest_boat": {
    "criteria": {
      "has_boat": "2024-06-15 22:25:02 +0000"
    },
    "done": true
  },
  "regions_unexplored:recipes/transportation/dead_chest_boat": {
    "criteria": {
      "has_boat": "2024-06-15 22:25:02 +0000"
    },
    "done": true
  },
  "regions_unexplored:recipes/transportation/maple_chest_boat": {
    "criteria": {
      "has_boat": "2024-06-15 22:25:02 +0000"
    },
    "done": true
  },
  "regions_unexplored:recipes/transportation/maple_boat": {
    "criteria": {
      "in_water": "2024-06-15 22:25:13 +0000"
    },
    "done": true
  },
  "regions_unexplored:recipes/transportation/magnolia_boat": {
    "criteria": {
      "in_water": "2024-06-15 22:25:13 +0000"
    },
    "done": true
  },
  "minecraft:recipes/transportation/cherry_boat": {
    "criteria": {
      "in_water": "2024-06-15 22:25:13 +0000"
    },
    "done": true
  },
  "minecraft:recipes/transportation/bamboo_raft": {
    "criteria": {
      "in_water": "2024-06-15 22:25:13 +0000"
    },
    "done": true
  },
  "regions_unexplored:recipes/transportation/kapok_boat": {
    "criteria": {
      "in_water": "2024-06-15 22:25:13 +0000"
    },
    "done": true
  },
  "regions_unexplored:recipes/transportation/cypress_boat": {
    "criteria": {
      "in_water": "2024-06-15 22:25:13 +0000"
    },
    "done": true
  },
  "minecraft:recipes/transportation/acacia_boat": {
    "criteria": {
      "in_water": "2024-06-15 22:25:13 +0000"
    },
    "done": true
  },
  "minecraft:recipes/transportation/jungle_boat": {
    "criteria": {
      "in_water": "2024-06-15 22:25:13 +0000"
    },
    "done": true
  },
  "regions_unexplored:recipes/transportation/blackwood_boat": {
    "criteria": {
      "in_water": "2024-06-15 22:25:13 +0000"
    },
    "done": true
  },
  "regions_unexplored:recipes/transportation/pine_boat": {
    "criteria": {
      "in_water": "2024-06-15 22:25:13 +0000"
    },
    "done": true
  },
  "regions_unexplored:recipes/transportation/eucalyptus_boat": {
    "criteria": {
      "in_water": "2024-06-15 22:25:13 +0000"
    },
    "done": true
  },
  "regions_unexplored:recipes/transportation/palm_boat": {
    "criteria": {
      "in_water": "2024-06-15 22:25:13 +0000"
    },
    "done": true
  },
  "regions_unexplored:recipes/transportation/socotra_boat": {
    "criteria": {
      "in_water": "2024-06-15 22:25:13 +0000"
    },
    "done": true
  },
  "minecraft:recipes/transportation/spruce_boat": {
    "criteria": {
      "in_water": "2024-06-15 22:25:13 +0000"
    },
    "done": true
  },
  "regions_unexplored:recipes/transportation/oak_boat": {
    "criteria": {
      "in_water": "2024-06-15 22:25:13 +0000"
    },
    "done": true
  },
  "minecraft:recipes/transportation/birch_boat": {
    "criteria": {
      "in_water": "2024-06-15 22:25:13 +0000"
    },
    "done": true
  },
  "regions_unexplored:recipes/transportation/dead_boat": {
    "criteria": {
      "in_water": "2024-06-15 22:25:13 +0000"
    },
    "done": true
  },
  "minecraft:recipes/transportation/oak_boat": {
    "criteria": {
      "has_the_recipe": "2024-06-15 22:25:13 +0000",
      "in_water": "2024-06-15 22:25:13 +0000"
    },
    "done": true
  },
  "minecraft:recipes/transportation/mangrove_boat": {
    "criteria": {
      "in_water": "2024-06-15 22:25:13 +0000"
    },
    "done": true
  },
  "regions_unexplored:recipes/transportation/mauve_boat": {
    "criteria": {
      "in_water": "2024-06-15 22:25:13 +0000"
    },
    "done": true
  },
  "regions_unexplored:recipes/transportation/redwood_boat": {
    "criteria": {
      "in_water": "2024-06-15 22:25:13 +0000"
    },
    "done": true
  },
  "regions_unexplored:recipes/transportation/baobab_boat": {
    "criteria": {
      "in_water": "2024-06-15 22:25:13 +0000"
    },
    "done": true
  },
  "regions_unexplored:recipes/transportation/willow_boat": {
    "criteria": {
      "in_water": "2024-06-15 22:25:13 +0000"
    },
    "done": true
  },
  "regions_unexplored:recipes/transportation/joshua_boat": {
    "criteria": {
      "in_water": "2024-06-15 22:25:13 +0000"
    },
    "done": true
  },
  "minecraft:recipes/transportation/dark_oak_boat": {
    "criteria": {
      "in_water": "2024-06-15 22:25:13 +0000"
    },
    "done": true
  },
  "minecraft:recipes/food/cooked_mutton_from_smoking": {
    "criteria": {
      "has_mutton": "2024-06-15 22:26:16 +0000"
    },
    "done": true
  },
  "travelersbackpack:recipes/misc/sheep": {
    "criteria": {
      "has_white_wool": "2024-06-15 22:26:16 +0000"
    },
    "done": true
  },
  "minecraft:recipes/decorations/white_bed": {
    "criteria": {
      "has_white_wool": "2024-06-15 22:26:16 +0000"
    },
    "done": true
  },
  "minecraft:recipes/decorations/painting": {
    "criteria": {
      "has_wool": "2024-06-15 22:26:16 +0000"
    },
    "done": true
  },
  "travelersbackpack:recipes/decorations/white_sleeping_bag": {
    "criteria": {
      "has_white_wool": "2024-06-15 22:26:16 +0000"
    },
    "done": true
  },
  "minecraft:recipes/decorations/white_carpet": {
    "criteria": {
      "has_white_wool": "2024-06-15 22:26:16 +0000"
    },
    "done": true
  },
  "immersive_armors:recipes/misc/robe": {
    "criteria": {
      "has_item": "2024-06-15 22:26:16 +0000"
    },
    "done": true
  },
  "minecraft:recipes/food/cooked_mutton": {
    "criteria": {
      "has_mutton": "2024-06-15 22:26:16 +0000"
    },
    "done": true
  },
  "minecraft:recipes/decorations/white_banner": {
    "criteria": {
      "has_white_wool": "2024-06-15 22:26:16 +0000"
    },
    "done": true
  },
  "minecraft:recipes/food/cooked_mutton_from_campfire_cooking": {
    "criteria": {
      "has_mutton": "2024-06-15 22:26:16 +0000"
    },
    "done": true
  },
  "mcda:recipes/base_armors/spelunker_armor_helmet": {
    "criteria": {
      "has_torch": "2024-06-15 22:26:54 +0000"
    },
    "done": true
  },
  "minecraft:recipes/decorations/smoker": {
    "criteria": {
      "has_furnace": "2024-06-15 22:27:34 +0000"
    },
    "done": true
  },
  "minecraft:husbandry/root": {
    "criteria": {
      "consumed_item": "2024-06-15 22:28:04 +0000"
    },
    "done": true
  },
  "minecraft:husbandry/balanced_diet": {
    "criteria": {
      "cooked_mutton": "2024-06-15 22:28:04 +0000",
      "baked_potato": "2024-06-15 22:34:07 +0000",
      "apple": "2024-06-15 23:40:09 +0000",
      "cooked_cod": "2024-06-15 22:54:20 +0000",
      "pumpkin_pie": "2024-06-17 05:05:52 +0000",
      "bread": "2024-06-15 22:38:23 +0000",
      "rotten_flesh": "2024-06-15 23:43:32 +0000",
      "cooked_salmon": "2024-06-15 23:00:37 +0000"
    },
    "done": false
  },
  "minecraft:recipes/building_blocks/glass": {
    "criteria": {
      "has_smelts_to_glass": "2024-06-15 22:29:04 +0000"
    },
    "done": true
  },
  "minecraft:recipes/building_blocks/sandstone": {
    "criteria": {
      "has_sand": "2024-06-15 22:29:04 +0000"
    },
    "done": true
  },
  "minecraft:adventure/sleep_in_bed": {
    "criteria": {
      "slept_in_bed": "2024-06-15 22:29:10 +0000"
    },
    "done": true
  },
  "minecraft:recipes/food/dried_kelp_from_smoking": {
    "criteria": {
      "has_kelp": "2024-06-15 22:29:23 +0000"
    },
    "done": true
  },
  "minecraft:recipes/food/dried_kelp_from_smelting": {
    "criteria": {
      "has_kelp": "2024-06-15 22:29:23 +0000"
    },
    "done": true
  },
  "minecraft:recipes/food/dried_kelp_from_campfire_cooking": {
    "criteria": {
      "has_kelp": "2024-06-15 22:29:23 +0000"
    },
    "done": true
  },
  "mcdw:recipes/scythes/scythe_skull_scythe": {
    "criteria": {
      "has_bone": "2024-06-15 22:29:28 +0000"
    },
    "done": true
  },
  "travelersbackpack:recipes/misc/skeleton": {
    "criteria": {
      "has_arrow": "2024-06-15 22:29:28 +0000"
    },
    "done": true
  },
  "mcdw:recipes/crossbows/crossbow_feral_soul": {
    "criteria": {
      "has_bone": "2024-06-15 22:29:28 +0000"
    },
    "done": true
  },
  "mcda:recipes/base_armors/grim_armor_leggings": {
    "criteria": {
      "has_bone": "2024-06-15 22:29:28 +0000"
    },
    "done": true
  },
  "mcda:recipes/crafting_items/phantom_bones_to_bonemeal": {
    "criteria": {
      "has_the_recipe": "2024-06-15 22:29:28 +0000"
    },
    "done": true
  },
  "mcdw:recipes/bows/bow_phantom_bow": {
    "criteria": {
      "has_bone": "2024-06-15 22:29:28 +0000"
    },
    "done": true
  },
  "mcdw:recipes/hammers/hammer_boneclub": {
    "criteria": {
      "has_bone": "2024-06-15 22:29:28 +0000"
    },
    "done": true
  },
  "minecraft:recipes/misc/bone_meal": {
    "criteria": {
      "has_bone": "2024-06-15 22:29:28 +0000"
    },
    "done": true
  },
  "mcdw:recipes/bows/bow_bonebow": {
    "criteria": {
      "has_bone": "2024-06-15 22:29:28 +0000"
    },
    "done": true
  },
  "mcda:recipes/base_armors/grim_armor_chestplate": {
    "criteria": {
      "has_bone": "2024-06-15 22:29:28 +0000"
    },
    "done": true
  },
  "mcdw:recipes/gauntlets/gauntlet_maulers": {
    "criteria": {
      "has_bone": "2024-06-15 22:29:28 +0000"
    },
    "done": true
  },
  "mcda:recipes/base_armors/piglin_armor_boots": {
    "criteria": {
      "has_bone": "2024-06-15 22:29:28 +0000"
    },
    "done": true
  },
  "mcda:recipes/crafting_items/skeleton_skull_to_bonemeal": {
    "criteria": {
      "has_the_recipe": "2024-06-15 22:29:28 +0000"
    },
    "done": true
  },
  "mcda:recipes/base_armors/grim_armor_boots": {
    "criteria": {
      "has_bone": "2024-06-15 22:29:28 +0000"
    },
    "done": true
  },
  "mcda:recipes/upgrade_cores/upgrade_core_archer": {
    "criteria": {
      "has_core_specification_item": "2024-06-15 22:29:28 +0000"
    },
    "done": true
  },
  "mcda:recipes/base_armors/grim_armor_helmet": {
    "criteria": {
      "has_bone": "2024-06-15 22:29:28 +0000"
    },
    "done": true
  },
  "mcda:recipes/crafting_items/bone_rib_cage": {
    "criteria": {
      "has_bone": "2024-06-15 22:29:28 +0000"
    },
    "done": true
  },
  "travelersbackpack:recipes/misc/wolf": {
    "criteria": {
      "has_bone": "2024-06-15 22:29:28 +0000"
    },
    "done": true
  },
  "immersive_armors:recipes/misc/bone": {
    "criteria": {
      "has_item": "2024-06-15 22:29:28 +0000"
    },
    "done": true
  },
  "mcda:recipes/base_armors/piglin_armor_helmet": {
    "criteria": {
      "has_bone": "2024-06-15 22:29:28 +0000"
    },
    "done": true
  },
  "minecraft:recipes/food/baked_potato_from_campfire_cooking": {
    "criteria": {
      "has_potato": "2024-06-15 22:32:06 +0000"
    },
    "done": true
  },
  "minecraft:recipes/food/baked_potato": {
    "criteria": {
      "has_potato": "2024-06-15 22:32:06 +0000"
    },
    "done": true
  },
  "minecraft:recipes/food/baked_potato_from_smoking": {
    "criteria": {
      "has_potato": "2024-06-15 22:32:06 +0000"
    },
    "done": true
  },
  "mcda:recipes/base_armors/guards_armor_chestplate": {
    "criteria": {
      "has_iron_ingot": "2024-06-15 22:32:56 +0000"
    },
    "done": true
  },
  "mcda:recipes/base_armors/goat_gear_helmet": {
    "criteria": {
      "has_iron_ingot": "2024-06-15 22:32:56 +0000"
    },
    "done": true
  },
  "mcda:recipes/base_armors/vanguard_armor_helmet": {
    "criteria": {
      "has_iron_ingot": "2024-06-15 22:32:56 +0000"
    },
    "done": true
  },
  "mcdw:recipes/gauntlets/gauntlet_soul_fist": {
    "criteria": {
      "has_gold_ingot": "2024-06-15 22:32:56 +0000"
    },
    "done": true
  },
  "mcda:recipes/base_armors/mystery_armor_blue_leggings": {
    "criteria": {
      "has_iron_ingot": "2024-06-15 22:32:56 +0000"
    },
    "done": true
  },
  "mcda:recipes/base_armors/thief_armor_chestplate": {
    "criteria": {
      "has_iron_ingot": "2024-06-15 22:32:56 +0000"
    },
    "done": true
  },
  "mcda:recipes/base_armors/mystery_armor_white_boots": {
    "criteria": {
      "has_iron_ingot": "2024-06-15 22:32:56 +0000"
    },
    "done": true
  },
  "mcdw:recipes/crossbows/crossbow_slayer": {
    "criteria": {
      "has_iron_ingot": "2024-06-15 22:32:56 +0000"
    },
    "done": true
  },
  "mcde:recipes/decorations/gilding_foundry": {
    "criteria": {
      "has_gold": "2024-06-15 22:32:56 +0000"
    },
    "done": true
  },
  "mcdw:recipes/bows/bow_green_menace": {
    "criteria": {
      "has_iron_ingot": "2024-06-15 22:32:56 +0000"
    },
    "done": true
  },
  "minecraft:recipes/tools/golden_axe": {
    "criteria": {
      "has_gold_ingot": "2024-06-15 22:32:56 +0000"
    },
    "done": true
  },
  "mcda:recipes/base_armors/mystery_armor_red_boots": {
    "criteria": {
      "has_iron_ingot": "2024-06-15 22:32:56 +0000"
    },
    "done": true
  },
  "mcda:recipes/base_armors/ghostly_boots": {
    "criteria": {
      "has_iron_ingot": "2024-06-15 22:32:56 +0000"
    },
    "done": true
  },
  "mcda:recipes/base_armors/mystery_armor_blue_helmet": {
    "criteria": {
      "has_iron_ingot": "2024-06-15 22:32:56 +0000"
    },
    "done": true
  },
  "minecraft:recipes/tools/golden_pickaxe": {
    "criteria": {
      "has_gold_ingot": "2024-06-15 22:32:56 +0000"
    },
    "done": true
  },
  "mcda:recipes/base_armors/emerald_gear_chestplate": {
    "criteria": {
      "has_iron_ingot": "2024-06-15 22:32:56 +0000"
    },
    "done": true
  },
  "mcda:recipes/base_armors/mystery_armor_blue_boots": {
    "criteria": {
      "has_iron_ingot": "2024-06-15 22:32:56 +0000"
    },
    "done": true
  },
  "travelersbackpack:recipes/misc/backpack_tank": {
    "criteria": {
      "has_iron": "2024-06-15 22:32:56 +0000"
    },
    "done": true
  },
  "mcda:recipes/base_armors/mystery_armor_purple_boots": {
    "criteria": {
      "has_iron_ingot": "2024-06-15 22:32:56 +0000"
    },
    "done": true
  },
  "mcdw:recipes/bows/bow_twin_bow": {
    "criteria": {
      "has_iron_ingot": "2024-06-15 22:32:56 +0000"
    },
    "done": true
  },
  "minecraft:recipes/misc/gold_nugget": {
    "criteria": {
      "has_gold_ingot": "2024-06-15 22:32:56 +0000"
    },
    "done": true
  },
  "minecraft:recipes/combat/iron_helmet": {
    "criteria": {
      "has_iron_ingot": "2024-06-15 22:32:56 +0000"
    },
    "done": true
  },
  "minecraft:recipes/tools/golden_shovel": {
    "criteria": {
      "has_gold_ingot": "2024-06-15 22:32:56 +0000"
    },
    "done": true
  },
  "mcda:recipes/base_armors/dark_armor_leggings": {
    "criteria": {
      "has_iron_ingot": "2024-06-15 22:32:56 +0000"
    },
    "done": true
  },
  "minecraft:recipes/food/golden_apple": {
    "criteria": {
      "has_gold_ingot": "2024-06-15 22:32:56 +0000"
    },
    "done": true
  },
  "minecraft:recipes/combat/golden_boots": {
    "criteria": {
      "has_gold_ingot": "2024-06-15 22:32:56 +0000"
    },
    "done": true
  },
  "mcdw:recipes/daggers/dagger_the_beginning": {
    "criteria": {
      "has_gold_ingot": "2024-06-15 22:32:56 +0000"
    },
    "done": true
  },
  "mcda:recipes/base_armors/spelunker_armor_chestplate": {
    "criteria": {
      "has_iron_ingot": "2024-06-15 22:32:56 +0000"
    },
    "done": true
  },
  "mcdw:recipes/crossbows/crossbow_nautical_crossbow": {
    "criteria": {
      "has_gold_ingot": "2024-06-15 22:32:56 +0000"
    },
    "done": true
  },
  "minecraft:recipes/tools/shears": {
    "criteria": {
      "has_iron_ingot": "2024-06-15 22:32:56 +0000"
    },
    "done": true
  },
  "mcdw:recipes/bows/bow_wind_bow": {
    "criteria": {
      "has_iron_ingot": "2024-06-15 22:32:56 +0000"
    },
    "done": true
  },
  "mcdw:recipes/daggers/dagger_resolute_tempest_knife": {
    "criteria": {
      "has_gold_ingot": "2024-06-15 22:32:56 +0000"
    },
    "done": true
  },
  "mcdw:recipes/shields/shield_royal_guard": {
    "criteria": {
      "has_iron_ingot": "2024-06-15 22:32:56 +0000"
    },
    "done": true
  },
  "mcdw:recipes/swords/sword_masters_katana": {
    "criteria": {
      "has_gold_ingot": "2024-06-15 22:32:56 +0000"
    },
    "done": true
  },
  "minecraft:recipes/combat/golden_chestplate": {
    "criteria": {
      "has_gold_ingot": "2024-06-15 22:32:56 +0000"
    },
    "done": true
  },
  "minecraft:recipes/building_blocks/iron_block": {
    "criteria": {
      "has_iron_ingot": "2024-06-15 22:32:56 +0000"
    },
    "done": true
  },
  "travelersbackpack:recipes/misc/gold": {
    "criteria": {
      "has_gold_ingot": "2024-06-15 22:32:56 +0000"
    },
    "done": true
  },
  "mcda:recipes/base_armors/mystery_armor_white_chestplate": {
    "criteria": {
      "has_iron_ingot": "2024-06-15 22:32:56 +0000"
    },
    "done": true
  },
  "mcdw:recipes/bows/bow_bubble_burster": {
    "criteria": {
      "has_gold_ingot": "2024-06-15 22:32:56 +0000"
    },
    "done": true
  },
  "mcdw:recipes/hammers/hammer_mace": {
    "criteria": {
      "has_iron_nugget": "2024-06-15 22:32:56 +0000"
    },
    "done": true
  },
  "mcda:recipes/base_armors/battle_robe_leggings": {
    "criteria": {
      "has_gold_ingot": "2024-06-15 22:32:56 +0000"
    },
    "done": true
  },
  "minecraft:recipes/redstone/light_weighted_pressure_plate": {
    "criteria": {
      "has_gold_ingot": "2024-06-15 22:32:56 +0000"
    },
    "done": true
  },
  "mcdw:recipes/shields/shield_tower_guard": {
    "criteria": {
      "has_iron_ingot": "2024-06-15 22:32:56 +0000"
    },
    "done": true
  },
  "mcdw:recipes/crossbows/crossbow_burst": {
    "criteria": {
      "has_iron_ingot": "2024-06-15 22:32:56 +0000"
    },
    "done": true
  },
  "mcdw:recipes/axes/axe_firebrand": {
    "criteria": {
      "has_iron_ingot": "2024-06-15 22:32:56 +0000"
    },
    "done": true
  },
  "mcda:recipes/base_armors/thief_armor_helmet": {
    "criteria": {
      "has_iron_ingot": "2024-06-15 22:32:56 +0000"
    },
    "done": true
  },
  "mcda:recipes/base_armors/mystery_armor_green_leggings": {
    "criteria": {
      "has_iron_ingot": "2024-06-15 22:32:56 +0000"
    },
    "done": true
  },
  "minecraft:recipes/redstone/hopper": {
    "criteria": {
      "has_iron_ingot": "2024-06-15 22:32:56 +0000"
    },
    "done": true
  },
  "travelersbackpack:recipes/misc/iron": {
    "criteria": {
      "has_iron_ingot": "2024-06-15 22:32:56 +0000"
    },
    "done": true
  },
  "mcda:recipes/base_armors/mystery_armor_white_leggings": {
    "criteria": {
      "has_iron_ingot": "2024-06-15 22:32:56 +0000"
    },
    "done": true
  },
  "mcda:recipes/crafting_items/iron_plate": {
    "criteria": {
      "has_iron_ingot": "2024-06-15 22:32:56 +0000"
    },
    "done": true
  },
  "mcda:recipes/base_armors/mystery_armor_red_chestplate": {
    "criteria": {
      "has_iron_ingot": "2024-06-15 22:32:56 +0000"
    },
    "done": true
  },
  "minecraft:recipes/combat/iron_boots": {
    "criteria": {
      "has_iron_ingot": "2024-06-15 22:32:56 +0000"
    },
    "done": true
  },
  "mcdw:recipes/swords/sword_rapier": {
    "criteria": {
      "has_iron_ingot": "2024-06-15 22:32:56 +0000"
    },
    "done": true
  },
  "minecraft:recipes/decorations/lantern": {
    "criteria": {
      "has_iron_ingot": "2024-06-15 22:32:56 +0000"
    },
    "done": true
  },
  "mcdw:recipes/axes/axe_highland": {
    "criteria": {
      "has_iron_ingot": "2024-06-15 22:32:56 +0000"
    },
    "done": true
  },
  "mcda:recipes/base_armors/vanguard_armor_chestplate": {
    "criteria": {
      "has_iron_ingot": "2024-06-15 22:32:56 +0000"
    },
    "done": true
  },
  "mcda:recipes/base_armors/battle_robe_chestplate": {
    "criteria": {
      "has_iron_ingot": "2024-06-15 22:32:56 +0000"
    },
    "done": true
  },
  "mcda:recipes/base_armors/mystery_armor_green_boots": {
    "criteria": {
      "has_iron_ingot": "2024-06-15 22:32:56 +0000"
    },
    "done": true
  },
  "minecraft:recipes/tools/iron_shovel": {
    "criteria": {
      "has_iron_ingot": "2024-06-15 22:32:56 +0000"
    },
    "done": true
  },
  "mcdw:recipes/shortbows/bow_mechanical_shortbow": {
    "criteria": {
      "has_iron_ingot": "2024-06-15 22:32:56 +0000"
    },
    "done": true
  },
  "mcdw:recipes/bows/bow_haunted_bow": {
    "criteria": {
      "has_iron_ingot": "2024-06-15 22:32:56 +0000"
    },
    "done": true
  },
  "mcdw:recipes/spears/spear_fortune": {
    "criteria": {
      "has_gold_ingot": "2024-06-15 22:32:56 +0000"
    },
    "done": true
  },
  "mcdw:recipes/sickles/sickle_nightmares_bite": {
    "criteria": {
      "has_iron_ingot": "2024-06-15 22:32:56 +0000"
    },
    "done": true
  },
  "mcdw:recipes/bows/bow_sabrewing": {
    "criteria": {
      "has_iron_ingot": "2024-06-15 22:32:56 +0000"
    },
    "done": true
  },
  "mcda:recipes/base_armors/ghostly_leggings": {
    "criteria": {
      "has_iron_ingot": "2024-06-15 22:32:56 +0000"
    },
    "done": true
  },
  "soulsweapons:holy_greatsword_recipe": {
    "criteria": {
      "has_item": "2024-06-15 22:32:56 +0000"
    },
    "done": true
  },
  "minecraft:recipes/combat/golden_sword": {
    "criteria": {
      "has_gold_ingot": "2024-06-15 22:32:56 +0000"
    },
    "done": true
  },
  "mcda:recipes/base_armors/piglin_armor_chestplate": {
    "criteria": {
      "has_iron_ingot": "2024-06-15 22:32:56 +0000"
    },
    "done": true
  },
  "minecraft:recipes/building_blocks/gold_block": {
    "criteria": {
      "has_gold_ingot": "2024-06-15 22:32:56 +0000"
    },
    "done": true
  },
  "mcdw:recipes/bows/bow_echo_of_the_valley": {
    "criteria": {
      "has_iron_ingot": "2024-06-15 22:32:56 +0000"
    },
    "done": true
  },
  "mcdw:recipes/swords/sword_katana": {
    "criteria": {
      "has_iron_ingot": "2024-06-15 22:32:56 +0000"
    },
    "done": true
  },
  "mcda:recipes/base_armors/dark_armor_chestplate": {
    "criteria": {
      "has_iron_ingot": "2024-06-15 22:32:56 +0000"
    },
    "done": true
  },
  "mcda:recipes/base_armors/dark_armor_helmet": {
    "criteria": {
      "has_iron_ingot": "2024-06-15 22:32:56 +0000"
    },
    "done": true
  },
  "minecraft:recipes/redstone/iron_trapdoor": {
    "criteria": {
      "has_iron_ingot": "2024-06-15 22:32:56 +0000"
    },
    "done": true
  },
  "mcdw:recipes/sickles/sickle_last_laugh_silver": {
    "criteria": {
      "has_iron_ingot": "2024-06-15 22:32:56 +0000"
    },
    "done": true
  },
  "mcdw:recipes/crossbows/crossbow_harp": {
    "criteria": {
      "has_gold_ingot": "2024-06-15 22:32:56 +0000"
    },
    "done": true
  },
  "mcda:recipes/base_armors/evocation_robe_leggings": {
    "criteria": {
      "has_gold_ingot": "2024-06-15 22:32:56 +0000"
    },
    "done": true
  },
  "minecraft:recipes/combat/crossbow": {
    "criteria": {
      "has_iron_ingot": "2024-06-15 22:32:56 +0000"
    },
    "done": true
  },
  "mcdw:recipes/sickles/sickle_sickle": {
    "criteria": {
      "has_iron_ingot": "2024-06-15 22:32:56 +0000"
    },
    "done": true
  },
  "mcdw:recipes/crossbows/crossbow_heavy": {
    "criteria": {
      "has_iron_ingot": "2024-06-15 22:32:56 +0000"
    },
    "done": true
  },
  "mcdw:recipes/bows/bow_power_bow": {
    "criteria": {
      "has_iron_ingot": "2024-06-15 22:32:56 +0000"
    },
    "done": true
  },
  "mcdw:recipes/spears/spear_whispering_spear": {
    "criteria": {
      "has_iron_ingot": "2024-06-15 22:32:56 +0000"
    },
    "done": true
  },
  "mcdw:recipes/crossbows/crossbow_veiled_crossbow": {
    "criteria": {
      "has_iron_ingot": "2024-06-15 22:32:56 +0000"
    },
    "done": true
  },
  "mcdw:recipes/bows/bow_nocturnal_bow": {
    "criteria": {
      "has_iron_ingot": "2024-06-15 22:32:56 +0000"
    },
    "done": true
  },
  "mcdw:recipes/bows/bow_burst_gale_bow": {
    "criteria": {
      "has_gold_ingot": "2024-06-15 22:32:56 +0000"
    },
    "done": true
  },
  "mcdw:recipes/shortbows/bow_purple_storm": {
    "criteria": {
      "has_iron_ingot": "2024-06-15 22:32:56 +0000"
    },
    "done": true
  },
  "minecraft:recipes/misc/iron_ingot_from_nuggets": {
    "criteria": {
      "has_iron_nugget": "2024-06-15 22:32:56 +0000"
    },
    "done": true
  },
  "minecraft:recipes/redstone/heavy_weighted_pressure_plate": {
    "criteria": {
      "has_iron_ingot": "2024-06-15 22:32:56 +0000"
    },
    "done": true
  },
  "mcda:recipes/base_armors/emerald_gear_leggings": {
    "criteria": {
      "has_iron_ingot": "2024-06-15 22:32:56 +0000"
    },
    "done": true
  },
  "mcda:recipes/base_armors/guards_armor_helmet": {
    "criteria": {
      "has_iron_ingot": "2024-06-15 22:32:56 +0000"
    },
    "done": true
  },
  "mcdw:recipes/crossbows/crossbow_auto": {
    "criteria": {
      "has_iron_ingot": "2024-06-15 22:32:56 +0000"
    },
    "done": true
  },
  "minecraft:recipes/combat/iron_leggings": {
    "criteria": {
      "has_iron_ingot": "2024-06-15 22:32:56 +0000"
    },
    "done": true
  },
  "mcdw:recipes/crossbows/crossbow_butterfly": {
    "criteria": {
      "has_iron_ingot": "2024-06-15 22:32:56 +0000"
    },
    "done": true
  },
  "mcdw:recipes/staves/staff_battlestaff_of_terror": {
    "criteria": {
      "has_iron_ingot": "2024-06-15 22:32:56 +0000"
    },
    "done": true
  },
  "mcdw:recipes/crossbows/crossbow_slicer": {
    "criteria": {
      "has_iron_ingot": "2024-06-15 22:32:56 +0000"
    },
    "done": true
  },
  "minecraft:recipes/combat/iron_chestplate": {
    "criteria": {
      "has_iron_ingot": "2024-06-15 22:32:56 +0000"
    },
    "done": true
  },
  "mcdw:recipes/daggers/dagger_dagger": {
    "criteria": {
      "has_iron_ingot": "2024-06-15 22:32:56 +0000"
    },
    "done": true
  },
  "minecraft:recipes/misc/iron_nugget": {
    "criteria": {
      "has_iron_ingot": "2024-06-15 22:32:56 +0000"
    },
    "done": true
  },
  "mcda:recipes/base_armors/mystery_armor_purple_helmet": {
    "criteria": {
      "has_iron_ingot": "2024-06-15 22:32:56 +0000"
    },
    "done": true
  },
  "minecraft:recipes/misc/bucket": {
    "criteria": {
      "has_iron_ingot": "2024-06-15 22:32:56 +0000"
    },
    "done": true
  },
  "mcda:recipes/base_armors/dark_armor_boots": {
    "criteria": {
      "has_iron_ingot": "2024-06-15 22:32:56 +0000"
    },
    "done": true
  },
  "minecraft:recipes/transportation/minecart": {
    "criteria": {
      "has_iron_ingot": "2024-06-15 22:32:56 +0000"
    },
    "done": true
  },
  "mcda:recipes/base_armors/mystery_armor_green_helmet": {
    "criteria": {
      "has_iron_ingot": "2024-06-15 22:32:56 +0000"
    },
    "done": true
  },
  "minecraft:recipes/tools/iron_hoe": {
    "criteria": {
      "has_iron_ingot": "2024-06-15 22:32:56 +0000"
    },
    "done": true
  },
  "mcda:recipes/base_armors/mystery_armor_red_leggings": {
    "criteria": {
      "has_iron_ingot": "2024-06-15 22:32:56 +0000"
    },
    "done": true
  },
  "mcda:recipes/base_armors/mystery_armor_purple_leggings": {
    "criteria": {
      "has_iron_ingot": "2024-06-15 22:32:56 +0000"
    },
    "done": true
  },
  "mcdw:recipes/bows/bow_trickbow": {
    "criteria": {
      "has_iron_ingot": "2024-06-15 22:32:56 +0000"
    },
    "done": true
  },
  "minecraft:recipes/combat/golden_helmet": {
    "criteria": {
      "has_gold_ingot": "2024-06-15 22:32:56 +0000"
    },
    "done": true
  },
  "mcdw:recipes/scythes/scythe_soul_scythe": {
    "criteria": {
      "has_iron_ingot": "2024-06-15 22:32:56 +0000"
    },
    "done": true
  },
  "galosphere:recipes/decorations/chandelier": {
    "criteria": {
      "has_iron_nugget": "2024-06-15 22:32:56 +0000"
    },
    "done": true
  },
  "minecraft:story/smelt_iron": {
    "criteria": {
      "iron": "2024-06-15 22:32:56 +0000"
    },
    "done": true
  },
  "mcdw:recipes/daggers/dagger_chill_gale_knife": {
    "criteria": {
      "has_gold_ingot": "2024-06-15 22:32:56 +0000"
    },
    "done": true
  },
  "mcdw:recipes/daggers/dagger_moon": {
    "criteria": {
      "has_iron_ingot": "2024-06-15 22:32:56 +0000"
    },
    "done": true
  },
  "minecraft:recipes/decorations/chain": {
    "criteria": {
      "has_iron_ingot": "2024-06-15 22:32:56 +0000"
    },
    "done": true
  },
  "mcdw:recipes/swords/sword_broken_sawblade": {
    "criteria": {
      "has_gold_ingot": "2024-06-15 22:32:56 +0000"
    },
    "done": true
  },
  "mcda:recipes/base_armors/spelunker_armor_boots": {
    "criteria": {
      "has_iron_ingot": "2024-06-15 22:32:56 +0000"
    },
    "done": true
  },
  "mcda:recipes/base_armors/shulker_armor_chestplate": {
    "criteria": {
      "has_gold_ingot": "2024-06-15 22:32:56 +0000"
    },
    "done": true
  },
  "mcdw:recipes/swords/sword_great_axeblade": {
    "criteria": {
      "has_iron_ingot": "2024-06-15 22:32:56 +0000"
    },
    "done": true
  },
  "mcdw:recipes/swords/sword_cutlass": {
    "criteria": {
      "has_iron_ingot": "2024-06-15 22:32:56 +0000"
    },
    "done": true
  },
  "mcdw:recipes/bows/bow_soul_bow": {
    "criteria": {
      "has_iron_nugget": "2024-06-15 22:32:56 +0000"
    },
    "done": true
  },
  "minecraft:recipes/decorations/smithing_table": {
    "criteria": {
      "has_iron_ingot": "2024-06-15 22:32:56 +0000"
    },
    "done": true
  },
  "mcdw:recipes/shortbows/bow_love_spell_bow": {
    "criteria": {
      "has_gold_ingot": "2024-06-15 22:32:56 +0000"
    },
    "done": true
  },
  "mcdw:recipes/bows/bow_elite_power_bow": {
    "criteria": {
      "has_iron_ingot": "2024-06-15 22:32:56 +0000"
    },
    "done": true
  },
  "mcdw:recipes/longbows/bow_guardian_bow": {
    "criteria": {
      "has_iron_ingot": "2024-06-15 22:32:56 +0000"
    },
    "done": true
  },
  "mcdw:recipes/crossbows/crossbow_voidcaller_crossbow": {
    "criteria": {
      "has_iron_ingot": "2024-06-15 22:32:56 +0000"
    },
    "done": true
  },
  "mcdw:recipes/swords/sword_beestinger": {
    "criteria": {
      "has_gold_ingot": "2024-06-15 22:32:56 +0000"
    },
    "done": true
  },
  "mcda:recipes/base_armors/spelunker_armor_leggings": {
    "criteria": {
      "has_iron_ingot": "2024-06-15 22:32:56 +0000"
    },
    "done": true
  },
  "minecraft:recipes/combat/iron_sword": {
    "criteria": {
      "has_iron_ingot": "2024-06-15 22:32:56 +0000"
    },
    "done": true
  },
  "minecraft:recipes/tools/iron_pickaxe": {
    "criteria": {
      "has_iron_ingot": "2024-06-15 22:32:56 +0000"
    },
    "done": true
  },
  "mcdw:recipes/swords/sword_freezing_foil": {
    "criteria": {
      "has_iron_nugget": "2024-06-15 22:32:56 +0000"
    },
    "done": true
  },
  "mcda:recipes/base_armors/mystery_armor_green_chestplate": {
    "criteria": {
      "has_iron_ingot": "2024-06-15 22:32:56 +0000"
    },
    "done": true
  },
  "minecraft:recipes/combat/shield": {
    "criteria": {
      "has_iron_ingot": "2024-06-15 22:32:56 +0000"
    },
    "done": true
  },
  "minecraft:recipes/decorations/iron_bars": {
    "criteria": {
      "has_iron_ingot": "2024-06-15 22:32:56 +0000"
    },
    "done": true
  },
  "mcdw:recipes/bows/bow_hunting_bow": {
    "criteria": {
      "has_iron_nugget": "2024-06-15 22:32:56 +0000"
    },
    "done": true
  },
  "travelersbackpack:recipes/misc/iron_tier_upgrade": {
    "criteria": {
      "has_iron_ingot": "2024-06-15 22:32:56 +0000"
    },
    "done": true
  },
  "mcda:recipes/base_armors/ghostly_chestplate": {
    "criteria": {
      "has_iron_ingot": "2024-06-15 22:32:56 +0000"
    },
    "done": true
  },
  "travelersbackpack:recipes/misc/hose_nozzle": {
    "criteria": {
      "has_iron": "2024-06-15 22:32:56 +0000"
    },
    "done": true
  },
  "mcdw:recipes/daggers/dagger_the_end": {
    "criteria": {
      "has_gold_ingot": "2024-06-15 22:32:56 +0000"
    },
    "done": true
  },
  "galosphere:recipes/decorations/gilded_beads": {
    "criteria": {
      "has_gold_ingot": "2024-06-15 22:32:56 +0000"
    },
    "done": true
  },
  "mcdw:recipes/swords/sword_frost_slayer": {
    "criteria": {
      "has_iron_ingot": "2024-06-15 22:32:56 +0000"
    },
    "done": true
  },
  "mcdw:recipes/sickles/sickle_last_laugh_gold": {
    "criteria": {
      "has_gold_ingot": "2024-06-15 22:32:56 +0000"
    },
    "done": true
  },
  "mcdw:recipes/glaives/spear_grave_bane": {
    "criteria": {
      "has_gold_ingot": "2024-06-15 22:32:56 +0000"
    },
    "done": true
  },
  "mcda:recipes/base_armors/evocation_robe_helmet": {
    "criteria": {
      "has_gold_ingot": "2024-06-15 22:32:56 +0000"
    },
    "done": true
  },
  "mcda:recipes/base_armors/mystery_armor_purple_chestplate": {
    "criteria": {
      "has_iron_ingot": "2024-06-15 22:32:56 +0000"
    },
    "done": true
  },
  "mcdw:recipes/axes/axe_anchor": {
    "criteria": {
      "has_iron_ingot": "2024-06-15 22:32:56 +0000"
    },
    "done": true
  },
  "mcdw:recipes/longbows/bow_red_snake": {
    "criteria": {
      "has_iron_ingot": "2024-06-15 22:32:56 +0000"
    },
    "done": true
  },
  "mcda:recipes/base_armors/evocation_robe_chestplate": {
    "criteria": {
      "has_gold_ingot": "2024-06-15 22:32:56 +0000"
    },
    "done": true
  },
  "mcdw:recipes/daggers/dagger_tempest_knife": {
    "criteria": {
      "has_iron_ingot": "2024-06-15 22:32:56 +0000"
    },
    "done": true
  },
  "mcda:recipes/base_armors/mystery_armor_white_helmet": {
    "criteria": {
      "has_iron_ingot": "2024-06-15 22:32:56 +0000"
    },
    "done": true
  },
  "mcda:recipes/base_armors/thief_armor_leggings": {
    "criteria": {
      "has_iron_ingot": "2024-06-15 22:32:56 +0000"
    },
    "done": true
  },
  "mcdw:recipes/scythes/scythe_jailors_scythe": {
    "criteria": {
      "has_iron_ingot": "2024-06-15 22:32:56 +0000"
    },
    "done": true
  },
  "mcda:recipes/base_armors/emerald_gear_boots": {
    "criteria": {
      "has_iron_ingot": "2024-06-15 22:32:56 +0000"
    },
    "done": true
  },
  "mcdw:recipes/swords/sword_broadsword": {
    "criteria": {
      "has_iron_ingot": "2024-06-15 22:32:56 +0000"
    },
    "done": true
  },
  "mcdw:recipes/staves/staff_growing_staff": {
    "criteria": {
      "has_gold_ingot": "2024-06-15 22:32:56 +0000"
    },
    "done": true
  },
  "mcda:recipes/base_armors/mystery_armor_blue_chestplate": {
    "criteria": {
      "has_iron_ingot": "2024-06-15 22:32:56 +0000"
    },
    "done": true
  },
  "minecraft:recipes/tools/iron_axe": {
    "criteria": {
      "has_iron_ingot": "2024-06-15 22:32:56 +0000"
    },
    "done": true
  },
  "mcdw:recipes/crossbows/crossbow_imploding": {
    "criteria": {
      "has_iron_ingot": "2024-06-15 22:32:56 +0000"
    },
    "done": true
  },
  "mcda:recipes/base_armors/guards_armor_leggings": {
    "criteria": {
      "has_iron_ingot": "2024-06-15 22:32:56 +0000"
    },
    "done": true
  },
  "mcdw:recipes/swords/sword_claymore": {
    "criteria": {
      "has_iron_ingot": "2024-06-15 22:32:56 +0000"
    },
    "done": true
  },
  "travelersbackpack:recipes/misc/gold_tier_upgrade": {
    "criteria": {
      "has_gold_ingot": "2024-06-15 22:32:56 +0000"
    },
    "done": true
  },
  "minecraft:recipes/tools/golden_hoe": {
    "criteria": {
      "has_gold_ingot": "2024-06-15 22:32:56 +0000"
    },
    "done": true
  },
  "mcda:recipes/base_armors/mystery_armor_red_helmet": {
    "criteria": {
      "has_iron_ingot": "2024-06-15 22:32:56 +0000"
    },
    "done": true
  },
  "mcdw:recipes/crossbows/crossbow_rapid": {
    "criteria": {
      "has_iron_ingot": "2024-06-15 22:32:56 +0000"
    },
    "done": true
  },
  "mcda:recipes/base_armors/thief_armor_boots": {
    "criteria": {
      "has_iron_ingot": "2024-06-15 22:32:56 +0000"
    },
    "done": true
  },
  "mcda:recipes/crafting_items/iron_scale": {
    "criteria": {
      "has_iron_ingot": "2024-06-15 22:32:56 +0000"
    },
    "done": true
  },
  "minecraft:recipes/redstone/iron_door": {
    "criteria": {
      "has_iron_ingot": "2024-06-15 22:32:56 +0000"
    },
    "done": true
  },
  "minecraft:recipes/combat/golden_leggings": {
    "criteria": {
      "has_gold_ingot": "2024-06-15 22:32:56 +0000"
    },
    "done": true
  },
  "mcda:recipes/base_armors/guards_armor_boots": {
    "criteria": {
      "has_iron_ingot": "2024-06-15 22:32:56 +0000"
    },
    "done": true
  },
  "minecraft:recipes/brewing/golden_carrot": {
    "criteria": {
      "has_gold_nugget": "2024-06-15 22:32:57 +0000"
    },
    "done": true
  },
  "minecraft:recipes/misc/gold_ingot_from_nuggets": {
    "criteria": {
      "has_gold_nugget": "2024-06-15 22:32:57 +0000"
    },
    "done": true
  },
  "mcdw:recipes/daggers/dagger_backstabber": {
    "criteria": {
      "has_gold_nugget": "2024-06-15 22:32:57 +0000"
    },
    "done": true
  },
  "mcda:recipes/base_armors/emerald_gear_helmet": {
    "criteria": {
      "has_emerald": "2024-06-15 22:33:02 +0000"
    },
    "done": true
  },
  "mcdw:recipes/swords/sword_hawkbrand": {
    "criteria": {
      "has_emerald": "2024-06-15 22:33:02 +0000",
      "has_the_recipe": "2024-06-15 22:33:02 +0000"
    },
    "done": true
  },
  "mcdw:recipes/swords/sword_hawkbrand_vanilla_sword": {
    "criteria": {
      "has_emerald": "2024-06-15 22:33:02 +0000"
    },
    "done": true
  },
  "minecraft:recipes/building_blocks/emerald_block": {
    "criteria": {
      "has_emerald": "2024-06-15 22:33:02 +0000"
    },
    "done": true
  },
  "travelersbackpack:recipes/misc/emerald": {
    "criteria": {
      "has_emerald": "2024-06-15 22:33:02 +0000"
    },
    "done": true
  },
  "mcda:recipes/crafting_items/gemstone_green": {
    "criteria": {
      "has_emerald": "2024-06-15 22:33:02 +0000"
    },
    "done": true
  },
  "minecraft:recipes/building_blocks/stone_brick_stairs": {
    "criteria": {
      "has_stone_bricks": "2024-06-15 22:33:11 +0000"
    },
    "done": true
  },
  "minecraft:recipes/building_blocks/stone_brick_slab": {
    "criteria": {
      "has_stone_bricks": "2024-06-15 22:33:11 +0000"
    },
    "done": true
  },
  "minecraft:recipes/building_blocks/chiseled_stone_bricks_from_stone_bricks_stonecutting": {
    "criteria": {
      "has_stone_bricks": "2024-06-15 22:33:11 +0000"
    },
    "done": true
  },
  "minecraft:recipes/decorations/stone_brick_wall": {
    "criteria": {
      "has_stone_bricks": "2024-06-15 22:33:11 +0000"
    },
    "done": true
  },
  "minecraft:recipes/building_blocks/cracked_stone_bricks": {
    "criteria": {
      "has_stone_bricks": "2024-06-15 22:33:11 +0000"
    },
    "done": true
  },
  "minecraft:recipes/building_blocks/stone_brick_stairs_from_stone_bricks_stonecutting": {
    "criteria": {
      "has_stone_bricks": "2024-06-15 22:33:11 +0000"
    },
    "done": true
  },
  "minecraft:recipes/building_blocks/chiseled_stone_bricks": {
    "criteria": {
      "has_tag": "2024-06-15 22:33:11 +0000"
    },
    "done": true
  },
  "minecraft:recipes/decorations/stone_brick_wall_from_stone_bricks_stonecutting": {
    "criteria": {
      "has_stone_bricks": "2024-06-15 22:33:11 +0000"
    },
    "done": true
  },
  "minecraft:recipes/building_blocks/stone_brick_slab_from_stone_bricks_stonecutting": {
    "criteria": {
      "has_stone_bricks": "2024-06-15 22:33:11 +0000"
    },
    "done": true
  },
  "minecraft:recipes/food/cooked_cod_from_smoking": {
    "criteria": {
      "has_cod": "2024-06-15 22:34:12 +0000"
    },
    "done": true
  },
  "travelersbackpack:recipes/misc/ocelot": {
    "criteria": {
      "has_cod": "2024-06-15 22:34:12 +0000"
    },
    "done": true
  },
  "minecraft:recipes/food/cooked_cod_from_campfire_cooking": {
    "criteria": {
      "has_cod": "2024-06-15 22:34:12 +0000"
    },
    "done": true
  },
  "minecraft:recipes/food/cooked_cod": {
    "criteria": {
      "has_cod": "2024-06-15 22:34:12 +0000"
    },
    "done": true
  },
  "mcda:recipes/upgrade_cores/upgrade_core_oceanic": {
    "criteria": {
      "has_core_specification_item": "2024-06-15 22:34:16 +0000"
    },
    "done": true
  },
  "mcdw:recipes/bows/bow_bubble_bow": {
    "criteria": {
      "has_water_bucket": "2024-06-15 22:34:16 +0000"
    },
    "done": true
  },
  "minecraft:recipes/brewing/cauldron": {
    "criteria": {
      "has_water_bucket": "2024-06-15 22:34:16 +0000"
    },
    "done": true
  },
  "minecraft:husbandry/complete_catalogue": {
    "criteria": {
      "minecraft:white": "2024-06-15 22:34:52 +0000",
      "minecraft:calico": "2024-06-15 22:35:11 +0000"
    },
    "done": false
  },
  "minecraft:husbandry/tame_an_animal": {
    "criteria": {
      "tamed_animal": "2024-06-15 22:34:52 +0000"
    },
    "done": true
  },
  "minecraft:recipes/food/cooked_salmon_from_campfire_cooking": {
    "criteria": {
      "has_salmon": "2024-06-15 22:38:52 +0000"
    },
    "done": true
  },
  "minecraft:recipes/food/cooked_salmon": {
    "criteria": {
      "has_salmon": "2024-06-15 22:38:52 +0000"
    },
    "done": true
  },
  "minecraft:recipes/food/cooked_salmon_from_smoking": {
    "criteria": {
      "has_salmon": "2024-06-15 22:38:52 +0000"
    },
    "done": true
  },
  "mcda:recipes/base_armors/snow_armor_chestplate": {
    "criteria": {
      "has_iron_chestplate": "2024-06-15 22:43:17 +0000"
    },
    "done": true
  },
  "mcda:recipes/base_armors/mercenary_armor_chestplate": {
    "criteria": {
      "has_iron_chestplate": "2024-06-15 22:43:17 +0000"
    },
    "done": true
  },
  "minecraft:story/obtain_armor": {
    "criteria": {
      "iron_chestplate": "2024-06-15 22:43:17 +0000"
    },
    "done": true
  },
  "minecraft:recipes/misc/iron_nugget_from_smelting": {
    "criteria": {
      "has_iron_chestplate": "2024-06-15 22:43:17 +0000"
    },
    "done": true
  },
  "mcda:recipes/base_armors/reinforced_mail_chestplate": {
    "criteria": {
      "has_iron_chestplate": "2024-06-15 22:43:17 +0000"
    },
    "done": true
  },
  "minecraft:recipes/misc/iron_nugget_from_blasting": {
    "criteria": {
      "has_iron_chestplate": "2024-06-15 22:43:17 +0000"
    },
    "done": true
  },
  "minecraft:story/iron_tools": {
    "criteria": {
      "iron_pickaxe": "2024-06-15 22:43:30 +0000"
    },
    "done": true
  },
  "minecraft:recipes/food/dried_kelp": {
    "criteria": {
      "has_dried_kelp_block": "2024-06-15 22:44:43 +0000"
    },
    "done": true
  },
  "bloomingnature:recipes/flower_box": {
    "criteria": {
      "has_brick": "2024-06-15 22:46:37 +0000"
    },
    "done": true
  },
  "bloomingnature:recipes/flower_pot_big": {
    "criteria": {
      "has_brick": "2024-06-15 22:46:37 +0000"
    },
    "done": true
  },
  "minecraft:recipes/building_blocks/bricks": {
    "criteria": {
      "has_brick": "2024-06-15 22:46:37 +0000"
    },
    "done": true
  },
  "bloomingnature:recipes/red_brick": {
    "criteria": {
      "has_brick": "2024-06-15 22:46:37 +0000"
    },
    "done": true
  },
  "minecraft:recipes/decorations/decorated_pot_simple": {
    "criteria": {
      "has_brick": "2024-06-15 22:46:37 +0000"
    },
    "done": true
  },
  "minecraft:adventure/salvage_sherd": {
    "criteria": {
      "has_sherd": "2024-06-15 22:46:37 +0000"
    },
    "done": false
  },
  "minecraft:recipes/decorations/flower_pot": {
    "criteria": {
      "has_brick": "2024-06-15 22:46:37 +0000"
    },
    "done": true
  },
  "repurposed_structures:pyramids": {
    "criteria": {
      "in_pyramid_giant_tree_taiga": "2024-06-15 22:47:39 +0000"
    },
    "done": false
  },
  "minecraft:recipes/building_blocks/spruce_planks": {
    "criteria": {
      "has_logs": "2024-06-15 22:47:58 +0000"
    },
    "done": true
  },
  "minecraft:recipes/decorations/cyan_glazed_terracotta": {
    "criteria": {
      "has_cyan_terracotta": "2024-06-15 22:48:37 +0000"
    },
    "done": true
  },
  "mcdw:recipes/crossbows/crossbow_exploding": {
    "criteria": {
      "has_tnt": "2024-06-15 22:48:44 +0000"
    },
    "done": true
  },
  "travelersbackpack:recipes/misc/creeper": {
    "criteria": {
      "has_gunpowder": "2024-06-15 22:49:07 +0000"
    },
    "done": true
  },
  "regions_unexplored:recipes/building_blocks/ash": {
    "criteria": {
      "has_gunpowder": "2024-06-15 22:49:07 +0000"
    },
    "done": true
  },
  "minecraft:recipes/misc/firework_rocket_simple": {
    "criteria": {
      "has_gunpowder": "2024-06-15 22:49:07 +0000"
    },
    "done": true
  },
  "galosphere:recipes/combat/silver_bomb": {
    "criteria": {
      "has_gunpowder": "2024-06-15 22:49:07 +0000"
    },
    "done": true
  },
  "mcdw:recipes/bows/bow_pink_scoundrel": {
    "criteria": {
      "has_gunpowder": "2024-06-15 22:49:07 +0000"
    },
    "done": true
  },
  "minecraft:recipes/redstone/tnt": {
    "criteria": {
      "has_gunpowder": "2024-06-15 22:49:07 +0000"
    },
    "done": true
  },
  "mcdw:recipes/bows/bow_masters_bow": {
    "criteria": {
      "has_string": "2024-06-15 22:49:15 +0000"
    },
    "done": true
  },
  "mcdw:recipes/crossbows/crossbow_corrupted_crossbow": {
    "criteria": {
      "has_string": "2024-06-15 22:49:15 +0000"
    },
    "done": true
  },
  "minecraft:recipes/redstone/tripwire_hook": {
    "criteria": {
      "has_string": "2024-06-15 22:49:15 +0000"
    },
    "done": true
  },
  "mcdw:recipes/crossbows/crossbow_scatter": {
    "criteria": {
      "has_string": "2024-06-15 22:49:15 +0000"
    },
    "done": true
  },
  "minecraft:recipes/decorations/candle": {
    "criteria": {
      "has_string": "2024-06-15 22:49:15 +0000"
    },
    "done": true
  },
  "mcdw:recipes/shortbows/bow_shortbow": {
    "criteria": {
      "has_string": "2024-06-15 22:49:15 +0000"
    },
    "done": true
  },
  "mcdw:recipes/bows/bow_call_of_the_void": {
    "criteria": {
      "has_string": "2024-06-15 22:49:15 +0000"
    },
    "done": true
  },
  "mcdw:recipes/bows/bow_web_bow": {
    "criteria": {
      "has_string": "2024-06-15 22:49:15 +0000"
    },
    "done": true
  },
  "mcdw:recipes/bows/bow_lost_souls": {
    "criteria": {
      "has_string": "2024-06-15 22:49:15 +0000"
    },
    "done": true
  },
  "mcdw:recipes/crossbows/crossbow_doom_crossbow": {
    "criteria": {
      "has_string": "2024-06-15 22:49:15 +0000"
    },
    "done": true
  },
  "mcdw:recipes/bows/bow_void_bow": {
    "criteria": {
      "has_string": "2024-06-15 22:49:15 +0000"
    },
    "done": true
  },
  "mcdw:recipes/longbows/bow_longbow": {
    "criteria": {
      "has_string": "2024-06-15 22:49:15 +0000"
    },
    "done": true
  },
  "minecraft:recipes/combat/bow": {
    "criteria": {
      "has_string": "2024-06-15 22:49:15 +0000"
    },
    "done": true
  },
  "mcdw:recipes/whips/whip_vine_whip": {
    "criteria": {
      "has_string": "2024-06-15 22:49:15 +0000"
    },
    "done": true
  },
  "minecraft:recipes/tools/fishing_rod": {
    "criteria": {
      "has_string": "2024-06-15 22:49:15 +0000"
    },
    "done": true
  },
  "travelersbackpack:recipes/misc/spider": {
    "criteria": {
      "has_string": "2024-06-15 22:49:15 +0000"
    },
    "done": true
  },
  "mcdw:recipes/crossbows/crossbow_azure_seeker": {
    "criteria": {
      "has_string": "2024-06-15 22:49:15 +0000"
    },
    "done": true
  },
  "mcdw:recipes/crossbows/crossbow_shadow_crossbow": {
    "criteria": {
      "has_string": "2024-06-15 22:49:15 +0000"
    },
    "done": true
  },
  "mcdw:recipes/bows/bow_winters_touch": {
    "criteria": {
      "has_string": "2024-06-15 22:49:15 +0000"
    },
    "done": true
  },
  "mcdw:recipes/whips/whip_whip": {
    "criteria": {
      "has_string": "2024-06-15 22:49:15 +0000"
    },
    "done": true
  },
  "mcdw:recipes/crossbows/crossbow_soul": {
    "criteria": {
      "has_string": "2024-06-15 22:49:15 +0000"
    },
    "done": true
  },
  "mcdw:recipes/crossbows/crossbow_dual": {
    "criteria": {
      "has_string": "2024-06-15 22:49:15 +0000"
    },
    "done": true
  },
  "mcdw:recipes/bows/bow_snow_bow": {
    "criteria": {
      "has_string": "2024-06-15 22:49:15 +0000"
    },
    "done": true
  },
  "minecraft:recipes/building_blocks/white_wool_from_string": {
    "criteria": {
      "has_string": "2024-06-15 22:49:15 +0000"
    },
    "done": true
  },
  "minecraft:recipes/decorations/loom": {
    "criteria": {
      "has_string": "2024-06-15 22:49:15 +0000"
    },
    "done": true
  },
  "mcda:recipes/upgrade_cores/upgrade_core_spider": {
    "criteria": {
      "has_core_specification_item": "2024-06-15 22:49:23 +0000"
    },
    "done": true
  },
  "minecraft:recipes/brewing/fermented_spider_eye": {
    "criteria": {
      "has_spider_eye": "2024-06-15 22:49:23 +0000"
    },
    "done": true
  },
  "minecraft:recipes/decorations/black_glazed_terracotta": {
    "criteria": {
      "has_black_terracotta": "2024-06-15 22:50:43 +0000"
    },
    "done": true
  },
  "minecraft:recipes/misc/gold_ingot_from_gold_block": {
    "criteria": {
      "has_gold_block": "2024-06-15 22:52:43 +0000"
    },
    "done": true
  },
  "mcdw:recipes/hammers/hammer_suns_grace": {
    "criteria": {
      "has_gold_block": "2024-06-15 22:52:43 +0000"
    },
    "done": true
  },
  "mcdw:recipes/axes/axe_encrusted_anchor": {
    "criteria": {
      "has_gold_block": "2024-06-15 22:52:43 +0000"
    },
    "done": true
  },
  "mcda:recipes/upgrade_cores/upgrade_core_golden": {
    "criteria": {
      "has_core_specification_item": "2024-06-15 22:52:43 +0000"
    },
    "done": true
  },
  "travelersbackpack:recipes/misc/standard": {
    "criteria": {
      "has_chest": "2024-06-15 22:54:36 +0000"
    },
    "done": true
  },
  "travelersbackpack:recipes/misc/blank_upgrade": {
    "criteria": {
      "has_chest": "2024-06-15 22:54:36 +0000"
    },
    "done": true
  },
  "minecraft:recipes/misc/gold_nugget_from_blasting": {
    "criteria": {
      "has_golden_leggings": "2024-06-15 22:58:25 +0000"
    },
    "done": true
  },
  "minecraft:recipes/misc/gold_nugget_from_smelting": {
    "criteria": {
      "has_golden_leggings": "2024-06-15 22:58:25 +0000"
    },
    "done": true
  },
  "minecraft:recipes/decorations/fletching_table": {
    "criteria": {
      "has_flint": "2024-06-15 23:05:41 +0000"
    },
    "done": true
  },
  "minecraft:recipes/combat/arrow": {
    "criteria": {
      "has_flint": "2024-06-15 23:05:41 +0000"
    },
    "done": true
  },
  "minecraft:recipes/tools/flint_and_steel": {
    "criteria": {
      "has_flint": "2024-06-15 23:05:41 +0000"
    },
    "done": true
  },
  "mcdw:recipes/swords/sword_diamond_sword_var": {
    "criteria": {
      "has_diamond": "2024-06-15 23:06:33 +0000"
    },
    "done": true
  },
  "mcdw:recipes/swords/sword_heartstealer": {
    "criteria": {
      "has_diamond": "2024-06-15 23:06:33 +0000"
    },
    "done": true
  },
  "minecraft:recipes/combat/diamond_sword": {
    "criteria": {
      "has_diamond": "2024-06-15 23:06:33 +0000"
    },
    "done": true
  },
  "minecraft:recipes/decorations/jukebox": {
    "criteria": {
      "has_diamond": "2024-06-15 23:06:33 +0000"
    },
    "done": true
  },
  "minecraft:recipes/combat/diamond_chestplate": {
    "criteria": {
      "has_diamond": "2024-06-15 23:06:33 +0000"
    },
    "done": true
  },
  "mcdw:recipes/soul_daggers/soul_dagger_truthseeker_vanilla_sword": {
    "criteria": {
      "has_diamond": "2024-06-15 23:06:33 +0000"
    },
    "done": true
  },
  "minecraft:recipes/tools/diamond_hoe": {
    "criteria": {
      "has_diamond": "2024-06-15 23:06:33 +0000"
    },
    "done": true
  },
  "minecraft:recipes/tools/diamond_shovel": {
    "criteria": {
      "has_diamond": "2024-06-15 23:06:33 +0000"
    },
    "done": true
  },
  "travelersbackpack:recipes/misc/diamond_tier_upgrade": {
    "criteria": {
      "has_diamond": "2024-06-15 23:06:33 +0000"
    },
    "done": true
  },
  "mcdw:recipes/soul_daggers/soul_dagger_truthseeker": {
    "criteria": {
      "has_the_recipe": "2024-06-15 23:06:33 +0000",
      "has_diamond": "2024-06-15 23:06:34 +0000"
    },
    "done": true
  },
  "minecraft:recipes/combat/diamond_helmet": {
    "criteria": {
      "has_diamond": "2024-06-15 23:06:33 +0000"
    },
    "done": true
  },
  "mcda:recipes/base_armors/sweet_tooth_chestplate": {
    "criteria": {
      "has_diamond": "2024-06-15 23:06:33 +0000"
    },
    "done": true
  },
  "travelersbackpack:recipes/misc/diamond": {
    "criteria": {
      "has_diamond": "2024-06-15 23:06:33 +0000"
    },
    "done": true
  },
  "minecraft:recipes/building_blocks/diamond_block": {
    "criteria": {
      "has_diamond": "2024-06-15 23:06:33 +0000"
    },
    "done": true
  },
  "minecraft:recipes/combat/diamond_leggings": {
    "criteria": {
      "has_diamond": "2024-06-15 23:06:33 +0000"
    },
    "done": true
  },
  "mcda:recipes/base_armors/sweet_tooth_boots": {
    "criteria": {
      "has_diamond": "2024-06-15 23:06:33 +0000"
    },
    "done": true
  },
  "mcdw:recipes/daggers/dagger_void_touched_blade": {
    "criteria": {
      "has_diamond": "2024-06-15 23:06:33 +0000"
    },
    "done": true
  },
  "mcda:recipes/base_armors/sweet_tooth_helmet": {
    "criteria": {
      "has_diamond": "2024-06-15 23:06:33 +0000"
    },
    "done": true
  },
  "mcda:recipes/base_armors/sweet_tooth_leggings": {
    "criteria": {
      "has_diamond": "2024-06-15 23:06:33 +0000"
    },
    "done": true
  },
  "mcdw:recipes/daggers/dagger_swift_striker": {
    "criteria": {
      "has_diamond": "2024-06-15 23:06:33 +0000"
    },
    "done": true
  },
  "minecraft:recipes/tools/diamond_pickaxe": {
    "criteria": {
      "has_diamond": "2024-06-15 23:06:34 +0000"
    },
    "done": true
  },
  "minecraft:story/mine_diamond": {
    "criteria": {
      "diamond": "2024-06-15 23:06:34 +0000"
    },
    "done": true
  },
  "minecraft:recipes/combat/diamond_boots": {
    "criteria": {
      "has_diamond": "2024-06-15 23:06:34 +0000"
    },
    "done": true
  },
  "minecraft:recipes/tools/diamond_axe": {
    "criteria": {
      "has_diamond": "2024-06-15 23:06:34 +0000"
    },
    "done": true
  },
  "minecraft:recipes/misc/conduit": {
    "criteria": {
      "has_nautilus_core": "2024-06-15 23:06:41 +0000"
    },
    "done": true
  },
  "minecraft:recipes/combat/leather_helmet": {
    "criteria": {
      "has_leather": "2024-06-15 23:09:30 +0000"
    },
    "done": true
  },
  "mcdw:recipes/gauntlets/gauntlet_gauntlets": {
    "criteria": {
      "has_leather": "2024-06-15 23:09:30 +0000"
    },
    "done": true
  },
  "mcdw:recipes/hammers/hammer_great_hammer": {
    "criteria": {
      "has_leather": "2024-06-15 23:09:30 +0000"
    },
    "done": true
  },
  "minecraft:recipes/combat/leather_chestplate": {
    "criteria": {
      "has_leather": "2024-06-15 23:09:30 +0000"
    },
    "done": true
  },
  "minecraft:recipes/misc/leather_horse_armor": {
    "criteria": {
      "has_leather": "2024-06-15 23:09:30 +0000"
    },
    "done": true
  },
  "travelersbackpack:recipes/misc/horse": {
    "criteria": {
      "has_leather": "2024-06-15 23:09:30 +0000"
    },
    "done": true
  },
  "minecraft:recipes/food/cooked_beef_from_smoking": {
    "criteria": {
      "has_beef": "2024-06-15 23:09:30 +0000"
    },
    "done": true
  },
  "mcda:recipes/base_armors/turtle_armor_helmet": {
    "criteria": {
      "has_leather": "2024-06-15 23:09:30 +0000"
    },
    "done": true
  },
  "minecraft:recipes/decorations/item_frame": {
    "criteria": {
      "has_leather": "2024-06-15 23:09:30 +0000"
    },
    "done": true
  },
  "minecraft:recipes/combat/leather_boots": {
    "criteria": {
      "has_leather": "2024-06-15 23:09:30 +0000"
    },
    "done": true
  },
  "minecraft:recipes/food/cooked_beef": {
    "criteria": {
      "has_beef": "2024-06-15 23:09:30 +0000"
    },
    "done": true
  },
  "minecraft:recipes/combat/leather_leggings": {
    "criteria": {
      "has_leather": "2024-06-15 23:09:30 +0000"
    },
    "done": true
  },
  "mcdw:recipes/bows/bow_hunters_promise": {
    "criteria": {
      "has_leather": "2024-06-15 23:09:30 +0000"
    },
    "done": true
  },
  "mcda:recipes/base_armors/vanguard_armor_leggings": {
    "criteria": {
      "has_leather": "2024-06-15 23:09:30 +0000"
    },
    "done": true
  },
  "mcdw:recipes/swords/sword_dancers_sword": {
    "criteria": {
      "has_leather": "2024-06-15 23:09:30 +0000"
    },
    "done": true
  },
  "minecraft:recipes/food/cooked_beef_from_campfire_cooking": {
    "criteria": {
      "has_beef": "2024-06-15 23:09:30 +0000"
    },
    "done": true
  },
  "adorabuild_structures:tireless_legs": {
    "criteria": {
      "birch_house_small_1": "2024-06-15 23:32:53 +0000",
      "frozen_hut_2": "2024-06-15 23:11:14 +0000"
    },
    "done": false
  },
  "mcda:recipes/base_armors/squid_armor_chestplate": {
    "criteria": {
      "has_leather_chestplate": "2024-06-15 23:11:20 +0000"
    },
    "done": true
  },
  "mcda:recipes/base_armors/goat_gear_boots": {
    "criteria": {
      "has_leather_boots": "2024-06-15 23:11:20 +0000"
    },
    "done": true
  },
  "mcda:recipes/base_armors/climbing_gear_helmet": {
    "criteria": {
      "has_leather_helmet": "2024-06-15 23:11:20 +0000"
    },
    "done": true
  },
  "mcda:recipes/base_armors/goat_gear_chestplate": {
    "criteria": {
      "has_leather_chestplate": "2024-06-15 23:11:20 +0000"
    },
    "done": true
  },
  "mcda:recipes/base_armors/climbing_gear_chestplate": {
    "criteria": {
      "has_leather_chestplate": "2024-06-15 23:11:20 +0000"
    },
    "done": true
  },
  "mcda:recipes/base_armors/squid_armor_leggings": {
    "criteria": {
      "has_leather_leggings": "2024-06-15 23:11:20 +0000"
    },
    "done": true
  },
  "mcda:recipes/base_armors/goat_gear_leggings": {
    "criteria": {
      "has_leather_leggings": "2024-06-15 23:11:20 +0000"
    },
    "done": true
  },
  "mcda:recipes/base_armors/climbing_gear_boots": {
    "criteria": {
      "has_leather_boots": "2024-06-15 23:11:20 +0000"
    },
    "done": true
  },
  "mcda:recipes/unique_armors/archers_helmet": {
    "criteria": {
      "has_leather_helmet": "2024-06-15 23:11:20 +0000"
    },
    "done": true
  },
  "mcda:recipes/base_armors/scale_mail_boots": {
    "criteria": {
      "has_leather_boots": "2024-06-15 23:11:20 +0000"
    },
    "done": true
  },
  "mcda:recipes/base_armors/squid_armor_helmet": {
    "criteria": {
      "has_leather_helmet": "2024-06-15 23:11:20 +0000"
    },
    "done": true
  },
  "mcda:recipes/unique_armors/archers_boots": {
    "criteria": {
      "has_leather_boots": "2024-06-15 23:11:20 +0000"
    },
    "done": true
  },
  "mcda:recipes/base_armors/scale_mail_leggings": {
    "criteria": {
      "has_leather_leggings": "2024-06-15 23:11:20 +0000"
    },
    "done": true
  },
  "mcda:recipes/base_armors/squid_armor_boots": {
    "criteria": {
      "has_leather_boots": "2024-06-15 23:11:20 +0000"
    },
    "done": true
  },
  "mcda:recipes/base_armors/scale_mail_chestplate": {
    "criteria": {
      "has_leather_chestplate": "2024-06-15 23:11:20 +0000"
    },
    "done": true
  },
  "mcda:recipes/base_armors/climbing_gear_leggings": {
    "criteria": {
      "has_leather_leggings": "2024-06-15 23:11:20 +0000"
    },
    "done": true
  },
  "mcda:recipes/unique_armors/archers_leggings": {
    "criteria": {
      "has_leather_leggings": "2024-06-15 23:11:20 +0000"
    },
    "done": true
  },
  "immersive_armors:recipes/misc/warrior": {
    "criteria": {
      "has_item": "2024-06-15 23:11:20 +0000"
    },
    "done": true
  },
  "minecraft:recipes/building_blocks/light_blue_stained_glass": {
    "criteria": {
      "has_glass": "2024-06-15 23:19:06 +0000"
    },
    "done": true
  },
  "regions_unexplored:recipes/building_blocks/prismaglass": {
    "criteria": {
      "has_glass": "2024-06-15 23:19:06 +0000"
    },
    "done": true
  },
  "minecraft:recipes/building_blocks/orange_stained_glass": {
    "criteria": {
      "has_glass": "2024-06-15 23:19:06 +0000"
    },
    "done": true
  },
  "minecraft:recipes/building_blocks/pink_stained_glass": {
    "criteria": {
      "has_glass": "2024-06-15 23:19:06 +0000"
    },
    "done": true
  },
  "minecraft:recipes/building_blocks/black_stained_glass": {
    "criteria": {
      "has_glass": "2024-06-15 23:19:06 +0000"
    },
    "done": true
  },
  "minecraft:recipes/building_blocks/gray_stained_glass": {
    "criteria": {
      "has_glass": "2024-06-15 23:19:06 +0000"
    },
    "done": true
  },
  "minecraft:recipes/building_blocks/red_stained_glass": {
    "criteria": {
      "has_glass": "2024-06-15 23:19:06 +0000"
    },
    "done": true
  },
  "minecraft:recipes/building_blocks/light_gray_stained_glass": {
    "criteria": {
      "has_glass": "2024-06-15 23:19:06 +0000"
    },
    "done": true
  },
  "minecraft:recipes/building_blocks/cyan_stained_glass": {
    "criteria": {
      "has_glass": "2024-06-15 23:19:06 +0000"
    },
    "done": true
  },
  "minecraft:recipes/building_blocks/green_stained_glass": {
    "criteria": {
      "has_glass": "2024-06-15 23:19:06 +0000"
    },
    "done": true
  },
  "minecraft:recipes/building_blocks/brown_stained_glass": {
    "criteria": {
      "has_glass": "2024-06-15 23:19:06 +0000"
    },
    "done": true
  },
  "minecraft:recipes/building_blocks/blue_stained_glass": {
    "criteria": {
      "has_glass": "2024-06-15 23:19:06 +0000"
    },
    "done": true
  },
  "minecraft:recipes/building_blocks/lime_stained_glass": {
    "criteria": {
      "has_glass": "2024-06-15 23:19:06 +0000"
    },
    "done": true
  },
  "minecraft:recipes/decorations/glass_pane": {
    "criteria": {
      "has_glass": "2024-06-15 23:19:06 +0000"
    },
    "done": true
  },
  "minecraft:recipes/building_blocks/magenta_stained_glass": {
    "criteria": {
      "has_glass": "2024-06-15 23:19:06 +0000"
    },
    "done": true
  },
  "minecraft:recipes/building_blocks/white_stained_glass": {
    "criteria": {
      "has_glass": "2024-06-15 23:19:06 +0000"
    },
    "done": true
  },
  "minecraft:recipes/brewing/glass_bottle": {
    "criteria": {
      "has_glass": "2024-06-15 23:19:06 +0000"
    },
    "done": true
  },
  "minecraft:recipes/building_blocks/purple_stained_glass": {
    "criteria": {
      "has_glass": "2024-06-15 23:19:06 +0000"
    },
    "done": true
  },
  "minecraft:recipes/building_blocks/yellow_stained_glass": {
    "criteria": {
      "has_glass": "2024-06-15 23:19:06 +0000"
    },
    "done": true
  },
  "minecraft:recipes/decorations/gray_carpet": {
    "criteria": {
      "has_gray_wool": "2024-06-15 23:23:13 +0000"
    },
    "done": true
  },
  "travelersbackpack:recipes/decorations/gray_sleeping_bag": {
    "criteria": {
      "has_gray_wool": "2024-06-15 23:23:13 +0000"
    },
    "done": true
  },
  "minecraft:recipes/decorations/gray_banner": {
    "criteria": {
      "has_gray_wool": "2024-06-15 23:23:13 +0000"
    },
    "done": true
  },
  "minecraft:recipes/decorations/gray_bed": {
    "criteria": {
      "has_gray_wool": "2024-06-15 23:23:13 +0000"
    },
    "done": true
  },
  "minecraft:recipes/misc/paper": {
    "criteria": {
      "has_reeds": "2024-06-15 23:23:17 +0000"
    },
    "done": true
  },
  "minecraft:recipes/misc/sugar_from_sugar_cane": {
    "criteria": {
      "has_sugar_cane": "2024-06-15 23:23:17 +0000"
    },
    "done": true
  },
  "travelersbackpack:recipes/misc/standard_smithing": {
    "criteria": {
      "has_standard": "2024-06-15 23:24:46 +0000"
    },
    "done": true
  },
  "travelersbackpack:standard_from_custom": {
    "criteria": {
      "has_backpack": "2024-06-15 23:24:46 +0000"
    },
    "done": true
  },
  "minecraft:recipes/food/cooked_porkchop": {
    "criteria": {
      "has_porkchop": "2024-06-15 23:29:38 +0000"
    },
    "done": true
  },
  "minecraft:recipes/food/cooked_porkchop_from_smoking": {
    "criteria": {
      "has_porkchop": "2024-06-15 23:29:38 +0000"
    },
    "done": true
  },
  "travelersbackpack:recipes/misc/pig": {
    "criteria": {
      "has_porkchop": "2024-06-15 23:29:38 +0000"
    },
    "done": true
  },
  "minecraft:recipes/food/cooked_porkchop_from_campfire_cooking": {
    "criteria": {
      "has_porkchop": "2024-06-15 23:29:38 +0000"
    },
    "done": true
  },
  "dungeons_arise:find_bathhouse": {
    "criteria": {
      "location0": "2024-06-15 23:34:14 +0000"
    },
    "done": true
  },
  "mcda:recipes/base_armors/mercenary_armor_leggings": {
    "criteria": {
      "has_iron_leggings": "2024-06-15 23:35:18 +0000"
    },
    "done": true
  },
  "mcda:recipes/base_armors/reinforced_mail_leggings": {
    "criteria": {
      "has_iron_leggings": "2024-06-15 23:35:18 +0000"
    },
    "done": true
  },
  "mcda:recipes/base_armors/snow_armor_leggings": {
    "criteria": {
      "has_iron_leggings": "2024-06-15 23:35:18 +0000"
    },
    "done": true
  },
  "minecraft:recipes/food/bread": {
    "criteria": {
      "has_wheat": "2024-06-15 23:36:26 +0000"
    },
    "done": true
  },
  "minecraft:recipes/building_blocks/hay_block": {
    "criteria": {
      "has_wheat": "2024-06-15 23:36:26 +0000"
    },
    "done": true
  },
  "travelersbackpack:recipes/misc/hay": {
    "criteria": {
      "has_wheat": "2024-06-15 23:36:26 +0000"
    },
    "done": true
  },
  "minecraft:story/form_obsidian": {
    "criteria": {
      "obsidian": "2024-06-15 23:43:24 +0000"
    },
    "done": true
  },
  "stellarity:recipes/crying_obsidian_with_popped_chorus": {
    "criteria": {
      "has_item1": "2024-06-15 23:43:24 +0000"
    },
    "done": true
  },
  "mcdw:recipes/swords/sword_obsidian_claymore": {
    "criteria": {
      "has_obsidian": "2024-06-15 23:43:24 +0000"
    },
    "done": true
  },
  "mcdw:recipes/swords/sword_sinister": {
    "criteria": {
      "has_obsidian": "2024-06-15 23:43:24 +0000"
    },
    "done": true
  },
  "minecraft:recipes/decorations/enchanting_table": {
    "criteria": {
      "has_obsidian": "2024-06-15 23:43:24 +0000"
    },
    "done": true
  },
  "mcda:recipes/base_armors/mercenary_armor_boots": {
    "criteria": {
      "has_iron_boots": "2024-06-15 23:50:44 +0000"
    },
    "done": true
  },
  "mcda:recipes/base_armors/reinforced_mail_boots": {
    "criteria": {
      "has_iron_boots": "2024-06-15 23:50:44 +0000"
    },
    "done": true
  },
  "mcda:recipes/base_armors/snow_armor_boots": {
    "criteria": {
      "has_iron_boots": "2024-06-15 23:50:44 +0000"
    },
    "done": true
  },
  "minecraft:recipes/misc/lime_dye_from_smelting": {
    "criteria": {
      "has_sea_pickle": "2024-06-17 04:43:49 +0000"
    },
    "done": true
  },
  "minecraft:recipes/misc/brown_dye": {
    "criteria": {
      "has_cocoa_beans": "2024-06-17 04:43:59 +0000"
    },
    "done": true
  },
  "minecraft:recipes/food/cookie": {
    "criteria": {
      "has_cocoa": "2024-06-17 04:43:59 +0000"
    },
    "done": true
  },
  "minecraft:recipes/building_blocks/dried_kelp_block": {
    "criteria": {
      "has_dried_kelp": "2024-06-17 04:43:59 +0000"
    },
    "done": true
  },
  "minecraft:recipes/misc/stick_from_bamboo_item": {
    "criteria": {
      "has_bamboo": "2024-06-17 04:44:16 +0000"
    },
    "done": true
  },
  "minecraft:recipes/building_blocks/bamboo_block": {
    "criteria": {
      "has_bamboo": "2024-06-17 04:44:16 +0000"
    },
    "done": true
  },
  "minecraft:recipes/decorations/scaffolding": {
    "criteria": {
      "has_bamboo": "2024-06-17 04:44:16 +0000"
    },
    "done": true
  },
  "minecraft:recipes/misc/coast_armor_trim_smithing_template": {
    "criteria": {
      "has_coast_armor_trim_smithing_template": "2024-06-17 04:44:17 +0000"
    },
    "done": true
  },
  "minecraft:recipes/misc/coast_armor_trim_smithing_template_smithing_trim": {
    "criteria": {
      "has_smithing_trim_template": "2024-06-17 04:44:17 +0000"
    },
    "done": true
  },
  "minecraft:recipes/building_blocks/mossy_cobblestone_from_moss_block": {
    "criteria": {
      "has_moss_block": "2024-06-17 04:44:17 +0000"
    },
    "done": true
  },
  "minecraft:recipes/transportation/carrot_on_a_stick": {
    "criteria": {
      "has_carrot": "2024-06-17 04:44:17 +0000"
    },
    "done": true
  },
  "minecraft:recipes/decorations/moss_carpet": {
    "criteria": {
      "has_moss_block": "2024-06-17 04:44:17 +0000"
    },
    "done": true
  },
  "minecraft:recipes/building_blocks/mossy_stone_bricks_from_moss_block": {
    "criteria": {
      "has_moss_block": "2024-06-17 04:44:17 +0000"
    },
    "done": true
  },
  "travelersbackpack:recipes/misc/fox": {
    "criteria": {
      "has_sweet_berries": "2024-06-17 04:44:40 +0000"
    },
    "done": true
  },
  "minecraft:recipes/redstone/lectern": {
    "criteria": {
      "has_book": "2024-06-17 04:47:11 +0000"
    },
    "done": true
  },
  "minecraft:recipes/misc/writable_book": {
    "criteria": {
      "has_book": "2024-06-17 04:47:11 +0000"
    },
    "done": true
  },
  "minecraft:recipes/building_blocks/bookshelf": {
    "criteria": {
      "has_book": "2024-06-17 04:47:11 +0000"
    },
    "done": true
  },
  "minecraft:recipes/building_blocks/chiseled_bookshelf": {
    "criteria": {
      "has_book": "2024-06-17 04:47:11 +0000"
    },
    "done": true
  },
  "travelersbackpack:recipes/misc/bookshelf": {
    "criteria": {
      "has_book": "2024-06-17 04:47:11 +0000"
    },
    "done": true
  },
  "regions_unexplored:recipes/decorations/oak_shrub": {
    "criteria": {
      "has_oak_sapling": "2024-06-17 04:47:34 +0000"
    },
    "done": true
  },
  "minecraft:recipes/decorations/grindstone": {
    "criteria": {
      "has_stone_slab": "2024-06-17 04:47:52 +0000"
    },
    "done": true
  },
  "travelersbackpack:recipes/misc/pumpkin": {
    "criteria": {
      "has_pumpkin": "2024-06-17 04:51:36 +0000"
    },
    "done": true
  },
  "minecraft:recipes/food/pumpkin_pie": {
    "criteria": {
      "has_pumpkin": "2024-06-17 04:51:36 +0000"
    },
    "done": true
  },
  "minecraft:recipes/misc/pumpkin_seeds": {
    "criteria": {
      "has_pumpkin": "2024-06-17 04:51:36 +0000"
    },
    "done": true
  },
  "incendium:technical/sentrys_wrath": {
    "criteria": {
      "log_spam_fixer": "2024-06-17 05:15:53 +0000"
    },
    "done": false
  },
  "incendium:technical/on_player_hurt": {
    "criteria": {
      "log_spam_fixer": "2024-06-17 05:15:53 +0000"
    },
    "done": false
  },
  "incendium:technical/on_kill": {
    "criteria": {
      "log_spam_fixer": "2024-06-17 05:15:53 +0000"
    },
    "done": false
  },
  "incendium:technical/on_inventory_change": {
    "criteria": {
      "log_spam_fixer": "2024-06-17 05:15:53 +0000"
    },
    "done": false
  },
  "incendium:technical/holy_wrath": {
    "criteria": {
      "log_spam_fixer": "2024-06-17 05:15:53 +0000"
    },
    "done": false
  },
  "incendium:technical/on_block": {
    "criteria": {
      "log_spam_fixer": "2024-06-17 05:15:53 +0000"
    },
    "done": false
  },
  "incendium:technical/inventory/sentrys_wrath": {
    "criteria": {
      "log_spam_fixer": "2024-06-17 05:15:53 +0000"
    },
    "done": false
  },
  "incendium:technical/feed_ghastling": {
    "criteria": {
      "log_spam_fixer": "2024-06-17 05:15:53 +0000"
    },
    "done": false
  },
  "incendium:technical/firestorm": {
    "criteria": {
      "log_spam_fixer": "2024-06-17 05:15:53 +0000"
    },
    "done": false
  },
  "incendium:technical/inventory/firestorm": {
    "criteria": {
      "log_spam_fixer": "2024-06-17 05:15:53 +0000"
    },
    "done": false
  },
  "incendium:technical/give_ghastling": {
    "criteria": {
      "log_spam_fixer": "2024-06-17 05:15:53 +0000"
    },
    "done": false
  },
  "incendium:technical/multiplex_crossbow": {
    "criteria": {
      "log_spam_fixer": "2024-06-17 05:15:53 +0000"
    },
    "done": false
  },
  "minecraft:recipes/building_blocks/mangrove_planks": {
    "criteria": {
      "has_logs": "2024-06-17 05:02:22 +0000"
    },
    "done": true
  },
  "mcdw:recipes/axes/axe_axe": {
    "criteria": {
      "has_iron_axe": "2024-06-17 05:02:54 +0000"
    },
    "done": true
  },
  "mcda:recipes/base_armors/ghostly_helmet": {
    "criteria": {
      "has_skeleton_skull": "2024-06-17 05:05:56 +0000"
    },
    "done": true
  },
  "minecraft:recipes/food/beetroot_soup": {
    "criteria": {
      "has_beetroot": "2024-06-17 05:13:24 +0000"
    },
    "done": true
  },
  "minecraft:recipes/food/cooked_rabbit": {
    "criteria": {
      "has_rabbit": "2024-06-17 05:13:24 +0000"
    },
    "done": true
  },
  "minecraft:recipes/food/cooked_rabbit_from_campfire_cooking": {
    "criteria": {
      "has_rabbit": "2024-06-17 05:13:24 +0000"
    },
    "done": true
  },
  "minecraft:recipes/decorations/spruce_hanging_sign": {
    "criteria": {
      "has_stripped_logs": "2024-06-17 05:13:55 +0000"
    },
    "done": true
  },
  "minecraft:recipes/building_blocks/dark_oak_stairs": {
    "criteria": {
      "has_planks": "2024-06-17 05:04:42 +0000"
    },
    "done": true
  },
  "minecraft:recipes/building_blocks/stripped_spruce_wood": {
    "criteria": {
      "has_log": "2024-06-17 05:13:55 +0000"
    },
    "done": true
  },
  "minecraft:recipes/redstone/dark_oak_door": {
    "criteria": {
      "has_planks": "2024-06-17 05:04:42 +0000"
    },
    "done": true
  },
  "minecraft:recipes/misc/leather": {
    "criteria": {
      "has_rabbit_hide": "2024-06-17 05:13:24 +0000"
    },
    "done": true
  },
  "minecraft:recipes/misc/red_dye_from_beetroot": {
    "criteria": {
      "has_beetroot": "2024-06-17 05:13:24 +0000"
    },
    "done": true
  },
  "minecraft:recipes/decorations/dark_oak_sign": {
    "criteria": {
      "has_planks": "2024-06-17 05:04:42 +0000"
    },
    "done": true
  },
  "minecraft:recipes/redstone/dark_oak_fence_gate": {
    "criteria": {
      "has_planks": "2024-06-17 05:04:42 +0000"
    },
    "done": true
  },
  "minecraft:recipes/redstone/dark_oak_trapdoor": {
    "criteria": {
      "has_planks": "2024-06-17 05:04:42 +0000"
    },
    "done": true
  },
  "minecraft:recipes/redstone/dark_oak_button": {
    "criteria": {
      "has_planks": "2024-06-17 05:04:42 +0000"
    },
    "done": true
  },
  "minecraft:recipes/food/cooked_rabbit_from_smoking": {
    "criteria": {
      "has_rabbit": "2024-06-17 05:13:24 +0000"
    },
    "done": true
  },
  "minecraft:recipes/redstone/dark_oak_pressure_plate": {
    "criteria": {
      "has_planks": "2024-06-17 05:04:42 +0000"
    },
    "done": true
  },
  "minecraft:recipes/decorations/dark_oak_fence": {
    "criteria": {
      "has_planks": "2024-06-17 05:04:42 +0000"
    },
    "done": true
  },
  "minecraft:recipes/building_blocks/dark_oak_slab": {
    "criteria": {
      "has_planks": "2024-06-17 05:04:42 +0000"
    },
    "done": true
  },
  "stellarity:adventure/anger_enderman": {
    "criteria": {
      "anger_enderman": "2024-06-17 04:57:41 +0000"
    },
    "done": true
  },
  "DataVersion": 3465
}